valueCategory,temporal,temporal_type,georegion,georegion_type,agegroup,agegroup_type,sex,type,value,pop,incValue,valueYearCumSum,valueMean3y,trend,prct,deltaValue,deltaIncValue,incValuePrctChange,valueMean5y,dataComplete
cases,2013-M01,month,CHFL,CHFL,all,agegroup_food,all,all,2.0,8176573.0,0.02,2.0,,,,,,,,True
cases,2013-M02,month,CHFL,CHFL,all,agegroup_food,all,all,0.0,8176573.0,0.0,2.0,,,,,,,,True
cases,2013-M03,month,CHFL,CHFL,all,agegroup_food,all,all,6.0,8176573.0,0.07,8.0,,,,,,,,True
cases,2013-M04,month,CHFL,CHFL,all,agegroup_food,all,all,8.0,8176573.0,0.1,16.0,,rising,,,,,,True
cases,2013-M05,month,CHFL,CHFL,all,agegroup_food,all,all,6.0,8176573.0,0.07,22.0,,stagnant,,,,,,True
cases,2013-M06,month,CHFL,CHFL,all,agegroup_food,all,all,5.0,8176573.0,0.06,27.0,,stagnant,,,,,,True
cases,2013-M07,month,CHFL,CHFL,all,agegroup_food,all,all,11.0,8176573.0,0.13,38.0,,stagnant,,,,,,True
cases,2013-M08,month,CHFL,CHFL,all,agegroup_food,all,all,22.0,8176573.0,0.27,60.0,,rising,,,,,,True
cases,2013-M09,month,CHFL,CHFL,all,agegroup_food,all,all,4.0,8176573.0,0.05,64.0,,stagnant,,,,,,True
cases,2013-M10,month,CHFL,CHFL,all,agegroup_food,all,all,5.0,8176573.0,0.06,69.0,,stagnant,,,,,,True
cases,2013-M11,month,CHFL,CHFL,all,agegroup_food,all,all,6.0,8176573.0,0.07,75.0,,falling,,,,,,True
cases,2013-M12,month,CHFL,CHFL,all,agegroup_food,all,all,8.0,8176573.0,0.1,83.0,,stagnant,,,,,,True
cases,2014-M01,month,CHFL,CHFL,all,agegroup_food,all,all,6.0,8274608.0,0.07,6.0,,stagnant,,,,,,True
cases,2014-M02,month,CHFL,CHFL,all,agegroup_food,all,all,7.0,8274608.0,0.08,13.0,,stagnant,,,,,,True
cases,2014-M03,month,CHFL,CHFL,all,agegroup_food,all,all,6.0,8274608.0,0.07,19.0,,stagnant,,,,,,True
cases,2014-M04,month,CHFL,CHFL,all,agegroup_food,all,all,6.0,8274608.0,0.07,25.0,,stagnant,,,,,,True
cases,2014-M05,month,CHFL,CHFL,all,agegroup_food,all,all,10.0,8274608.0,0.12,35.0,,stagnant,,,,,,True
cases,2014-M06,month,CHFL,CHFL,all,agegroup_food,all,all,7.0,8274608.0,0.08,42.0,,stagnant,,,,,,True
cases,2014-M07,month,CHFL,CHFL,all,agegroup_food,all,all,14.0,8274608.0,0.17,56.0,,stagnant,,,,,,True
cases,2014-M08,month,CHFL,CHFL,all,agegroup_food,all,all,14.0,8274608.0,0.17,70.0,,stagnant,,,,,,True
cases,2014-M09,month,CHFL,CHFL,all,agegroup_food,all,all,16.0,8274608.0,0.19,86.0,,stagnant,,,,,,True
cases,2014-M10,month,CHFL,CHFL,all,agegroup_food,all,all,13.0,8274608.0,0.16,99.0,,stagnant,,,,,,True
cases,2014-M11,month,CHFL,CHFL,all,agegroup_food,all,all,15.0,8274608.0,0.18,114.0,,stagnant,,,,,,True
cases,2014-M12,month,CHFL,CHFL,all,agegroup_food,all,all,11.0,8274608.0,0.13,125.0,,stagnant,,,,,,True
cases,2015-M01,month,CHFL,CHFL,all,agegroup_food,all,all,14.0,8362816.0,0.17,14.0,,stagnant,,,,,,True
cases,2015-M02,month,CHFL,CHFL,all,agegroup_food,all,all,8.0,8362816.0,0.1,22.0,,stagnant,,,,,,True
cases,2015-M03,month,CHFL,CHFL,all,agegroup_food,all,all,14.0,8362816.0,0.17,36.0,,stagnant,,,,,,True
cases,2015-M04,month,CHFL,CHFL,all,agegroup_food,all,all,16.0,8362816.0,0.19,52.0,,stagnant,,,,,,True
cases,2015-M05,month,CHFL,CHFL,all,agegroup_food,all,all,18.0,8362816.0,0.22,70.0,,stagnant,,,,,,True
cases,2015-M06,month,CHFL,CHFL,all,agegroup_food,all,all,33.0,8362816.0,0.39,103.0,,rising,,,,,,True
cases,2015-M07,month,CHFL,CHFL,all,agegroup_food,all,all,35.0,8362816.0,0.42,138.0,,rising,,,,,,True
cases,2015-M08,month,CHFL,CHFL,all,agegroup_food,all,all,47.0,8362816.0,0.56,185.0,,rising,,,,,,True
cases,2015-M09,month,CHFL,CHFL,all,agegroup_food,all,all,39.0,8362816.0,0.47,224.0,,stagnant,,,,,,True
cases,2015-M10,month,CHFL,CHFL,all,agegroup_food,all,all,36.0,8362816.0,0.43,260.0,,stagnant,,,,,,True
cases,2015-M11,month,CHFL,CHFL,all,agegroup_food,all,all,20.0,8362816.0,0.24,280.0,,falling,,,,,,True
cases,2015-M12,month,CHFL,CHFL,all,agegroup_food,all,all,28.0,8362816.0,0.33,308.0,,falling,,,,,,True
cases,2016-M01,month,CHFL,CHFL,all,agegroup_food,all,all,42.0,8457360.0,0.5,42.0,,stagnant,,,,,,True
cases,2016-M02,month,CHFL,CHFL,all,agegroup_food,all,all,28.0,8457360.0,0.33,70.0,,stagnant,,,,,,True
cases,2016-M03,month,CHFL,CHFL,all,agegroup_food,all,all,24.0,8457360.0,0.28,94.0,,stagnant,,,,,,True
cases,2016-M04,month,CHFL,CHFL,all,agegroup_food,all,all,45.0,8457360.0,0.53,139.0,,stagnant,,,,,,True
cases,2016-M05,month,CHFL,CHFL,all,agegroup_food,all,all,34.0,8457360.0,0.4,173.0,,stagnant,,,,,,True
cases,2016-M06,month,CHFL,CHFL,all,agegroup_food,all,all,39.0,8457360.0,0.46,212.0,,stagnant,,,,,,True
cases,2016-M07,month,CHFL,CHFL,all,agegroup_food,all,all,70.0,8457360.0,0.83,282.0,,stagnant,,,,,,True
cases,2016-M08,month,CHFL,CHFL,all,agegroup_food,all,all,58.0,8457360.0,0.69,340.0,,rising,,,,,,True
cases,2016-M09,month,CHFL,CHFL,all,agegroup_food,all,all,59.0,8457360.0,0.7,399.0,,stagnant,,,,,,True
cases,2016-M10,month,CHFL,CHFL,all,agegroup_food,all,all,38.0,8457360.0,0.45,437.0,,falling,,,,,,True
cases,2016-M11,month,CHFL,CHFL,all,agegroup_food,all,all,38.0,8457360.0,0.45,475.0,,falling,,,,,,True
cases,2016-M12,month,CHFL,CHFL,all,agegroup_food,all,all,35.0,8457360.0,0.41,510.0,,falling,,,,,,True
cases,2017-M01,month,CHFL,CHFL,all,agegroup_food,all,all,28.0,8522244.0,0.33,28.0,,stagnant,,,,,,True
cases,2017-M02,month,CHFL,CHFL,all,agegroup_food,all,all,31.0,8522244.0,0.36,59.0,,stagnant,,,,,,True
cases,2017-M03,month,CHFL,CHFL,all,agegroup_food,all,all,48.0,8522244.0,0.56,107.0,,stagnant,,,,,,True
cases,2017-M04,month,CHFL,CHFL,all,agegroup_food,all,all,49.0,8522244.0,0.57,156.0,,rising,,,,,,True
cases,2017-M05,month,CHFL,CHFL,all,agegroup_food,all,all,51.0,8522244.0,0.6,207.0,,rising,,,,,,True
cases,2017-M06,month,CHFL,CHFL,all,agegroup_food,all,all,64.0,8522244.0,0.75,271.0,,stagnant,,,,,,True
cases,2017-M07,month,CHFL,CHFL,all,agegroup_food,all,all,95.0,8522244.0,1.11,366.0,,rising,,,,,,True
cases,2017-M08,month,CHFL,CHFL,all,agegroup_food,all,all,111.0,8522244.0,1.3,477.0,,rising,,,,,,True
cases,2017-M09,month,CHFL,CHFL,all,agegroup_food,all,all,88.0,8522244.0,1.03,565.0,,stagnant,,,,,,True
cases,2017-M10,month,CHFL,CHFL,all,agegroup_food,all,all,62.0,8522244.0,0.73,627.0,,falling,,,,,,True
cases,2017-M11,month,CHFL,CHFL,all,agegroup_food,all,all,48.0,8522244.0,0.56,675.0,,falling,,,,,,True
cases,2017-M12,month,CHFL,CHFL,all,agegroup_food,all,all,46.0,8522244.0,0.54,721.0,,falling,,,,,,True
cases,2018-M01,month,CHFL,CHFL,all,agegroup_food,all,all,67.0,8582905.0,0.78,67.0,,stagnant,,,,,,True
cases,2018-M02,month,CHFL,CHFL,all,agegroup_food,all,all,40.0,8582905.0,0.47,107.0,,stagnant,,,,,,True
cases,2018-M03,month,CHFL,CHFL,all,agegroup_food,all,all,36.0,8582905.0,0.42,143.0,,stagnant,,,,,,True
cases,2018-M04,month,CHFL,CHFL,all,agegroup_food,all,all,66.0,8582905.0,0.77,209.0,,stagnant,,,,,,True
cases,2018-M05,month,CHFL,CHFL,all,agegroup_food,all,all,56.0,8582905.0,0.65,265.0,,rising,,,,,,True
cases,2018-M06,month,CHFL,CHFL,all,agegroup_food,all,all,81.0,8582905.0,0.94,346.0,,rising,,,,,,True
cases,2018-M07,month,CHFL,CHFL,all,agegroup_food,all,all,96.0,8582905.0,1.12,442.0,,rising,,,,,,True
cases,2018-M08,month,CHFL,CHFL,all,agegroup_food,all,all,119.0,8582905.0,1.39,561.0,,rising,,,,,,True
cases,2018-M09,month,CHFL,CHFL,all,agegroup_food,all,all,99.0,8582905.0,1.15,660.0,,stagnant,,,,,,True
cases,2018-M10,month,CHFL,CHFL,all,agegroup_food,all,all,88.0,8582905.0,1.03,748.0,,stagnant,,,,,,True
cases,2018-M11,month,CHFL,CHFL,all,agegroup_food,all,all,78.0,8582905.0,0.91,826.0,,falling,,,,,,True
cases,2018-M12,month,CHFL,CHFL,all,agegroup_food,all,all,52.0,8582905.0,0.61,878.0,,falling,,,,,,True
cases,2019-M01,month,CHFL,CHFL,all,agegroup_food,all,all,78.0,8644780.0,0.9,78.0,,stagnant,,,,,,True
cases,2019-M02,month,CHFL,CHFL,all,agegroup_food,all,all,48.0,8644780.0,0.56,126.0,,stagnant,,,,,,True
cases,2019-M03,month,CHFL,CHFL,all,agegroup_food,all,all,57.0,8644780.0,0.66,183.0,,stagnant,,,,,,True
cases,2019-M04,month,CHFL,CHFL,all,agegroup_food,all,all,46.0,8644780.0,0.53,229.0,,falling,,,,,,True
cases,2019-M05,month,CHFL,CHFL,all,agegroup_food,all,all,54.0,8644780.0,0.62,283.0,,stagnant,,,,,,True
cases,2019-M06,month,CHFL,CHFL,all,agegroup_food,all,all,98.0,8644780.0,1.13,381.0,,rising,,,,,,True
cases,2019-M07,month,CHFL,CHFL,all,agegroup_food,all,all,126.0,8644780.0,1.46,507.0,,rising,,,,,,True
cases,2019-M08,month,CHFL,CHFL,all,agegroup_food,all,all,134.0,8644780.0,1.55,641.0,,rising,,,,,,True
cases,2019-M09,month,CHFL,CHFL,all,agegroup_food,all,all,83.0,8644780.0,0.96,724.0,,stagnant,,,,,,True
cases,2019-M10,month,CHFL,CHFL,all,agegroup_food,all,all,101.0,8644780.0,1.17,825.0,,stagnant,,,,,,True
cases,2019-M11,month,CHFL,CHFL,all,agegroup_food,all,all,74.0,8644780.0,0.86,899.0,,falling,,,,,,True
cases,2019-M12,month,CHFL,CHFL,all,agegroup_food,all,all,71.0,8644780.0,0.82,970.0,,stagnant,,,,,,True
cases,2020-M01,month,CHFL,CHFL,all,agegroup_food,all,all,48.0,8709355.0,0.55,48.0,,falling,,,,,,True
cases,2020-M02,month,CHFL,CHFL,all,agegroup_food,all,all,52.0,8709355.0,0.6,100.0,,falling,,,,,,True
cases,2020-M03,month,CHFL,CHFL,all,agegroup_food,all,all,29.0,8709355.0,0.33,129.0,,falling,,,,,,True
cases,2020-M04,month,CHFL,CHFL,all,agegroup_food,all,all,27.0,8709355.0,0.31,156.0,,falling,,,,,,True
cases,2020-M05,month,CHFL,CHFL,all,agegroup_food,all,all,35.0,8709355.0,0.4,191.0,,stagnant,,,,,,True
cases,2020-M06,month,CHFL,CHFL,all,agegroup_food,all,all,73.0,8709355.0,0.84,264.0,,rising,,,,,,True
cases,2020-M07,month,CHFL,CHFL,all,agegroup_food,all,all,86.0,8709355.0,0.99,350.0,,rising,,,,,,True
cases,2020-M08,month,CHFL,CHFL,all,agegroup_food,all,all,108.0,8709355.0,1.24,458.0,,rising,,,,,,True
cases,2020-M09,month,CHFL,CHFL,all,agegroup_food,all,all,90.0,8709355.0,1.03,548.0,,stagnant,,,,,,True
cases,2020-M10,month,CHFL,CHFL,all,agegroup_food,all,all,60.0,8709355.0,0.69,608.0,,stagnant,,,,,,True
cases,2020-M11,month,CHFL,CHFL,all,agegroup_food,all,all,51.0,8709355.0,0.59,659.0,,falling,,,,,,True
cases,2020-M12,month,CHFL,CHFL,all,agegroup_food,all,all,40.0,8709355.0,0.46,699.0,,falling,,,,,,True
cases,2021-M01,month,CHFL,CHFL,all,agegroup_food,all,all,49.0,8778099.0,0.56,49.0,,stagnant,,,,,,True
cases,2021-M02,month,CHFL,CHFL,all,agegroup_food,all,all,41.0,8778099.0,0.47,90.0,,stagnant,,,,,,True
cases,2021-M03,month,CHFL,CHFL,all,agegroup_food,all,all,48.0,8778099.0,0.55,138.0,,stagnant,,,,,,True
cases,2021-M04,month,CHFL,CHFL,all,agegroup_food,all,all,42.0,8778099.0,0.48,180.0,,stagnant,,,,,,True
cases,2021-M05,month,CHFL,CHFL,all,agegroup_food,all,all,55.0,8778099.0,0.63,235.0,,stagnant,,,,,,True
cases,2021-M06,month,CHFL,CHFL,all,agegroup_food,all,all,80.0,8778099.0,0.91,315.0,,rising,,,,,,True
cases,2021-M07,month,CHFL,CHFL,all,agegroup_food,all,all,115.0,8778099.0,1.31,430.0,,rising,,,,,,True
cases,2021-M08,month,CHFL,CHFL,all,agegroup_food,all,all,157.0,8778099.0,1.79,587.0,,rising,,,,,,True
cases,2021-M09,month,CHFL,CHFL,all,agegroup_food,all,all,111.0,8778099.0,1.26,698.0,,stagnant,,,,,,True
cases,2021-M10,month,CHFL,CHFL,all,agegroup_food,all,all,108.0,8778099.0,1.23,806.0,,stagnant,,,,,,True
cases,2021-M11,month,CHFL,CHFL,all,agegroup_food,all,all,80.0,8778099.0,0.91,886.0,,falling,,,,,,True
cases,2021-M12,month,CHFL,CHFL,all,agegroup_food,all,all,61.0,8778099.0,0.69,947.0,,falling,,,,,,True
cases,2022-M01,month,CHFL,CHFL,all,agegroup_food,all,all,65.0,8855062.0,0.73,65.0,,falling,,,,,,True
cases,2022-M02,month,CHFL,CHFL,all,agegroup_food,all,all,49.0,8855062.0,0.55,114.0,,falling,,,,,,True
cases,2022-M03,month,CHFL,CHFL,all,agegroup_food,all,all,75.0,8855062.0,0.85,189.0,,stagnant,,,,,,True
cases,2022-M04,month,CHFL,CHFL,all,agegroup_food,all,all,64.0,8855062.0,0.72,253.0,,stagnant,,,,,,True
cases,2022-M05,month,CHFL,CHFL,all,agegroup_food,all,all,80.0,8855062.0,0.9,333.0,,rising,,,,,,True
cases,2022-M06,month,CHFL,CHFL,all,agegroup_food,all,all,133.0,8855062.0,1.5,466.0,,rising,,,,,,True
cases,2022-M07,month,CHFL,CHFL,all,agegroup_food,all,all,168.0,8855062.0,1.9,634.0,,rising,,,,,,True
cases,2022-M08,month,CHFL,CHFL,all,agegroup_food,all,all,195.0,8855062.0,2.2,829.0,,rising,,,,,,True
cases,2022-M09,month,CHFL,CHFL,all,agegroup_food,all,all,103.0,8855062.0,1.16,932.0,,stagnant,,,,,,True
cases,2022-M10,month,CHFL,CHFL,all,agegroup_food,all,all,100.0,8855062.0,1.13,1032.0,,falling,,,,,,True
cases,2022-M11,month,CHFL,CHFL,all,agegroup_food,all,all,111.0,8855062.0,1.25,1143.0,,falling,,,,,,True
cases,2022-M12,month,CHFL,CHFL,all,agegroup_food,all,all,62.0,8855062.0,0.7,1205.0,,stagnant,,,,,,True
cases,2023-M01,month,CHFL,CHFL,all,agegroup_food,all,all,88.0,9002273.0,0.98,88.0,,stagnant,,,,,,True
cases,2023-M02,month,CHFL,CHFL,all,agegroup_food,all,all,65.0,9002273.0,0.72,153.0,,stagnant,,,,,,True
cases,2023-M03,month,CHFL,CHFL,all,agegroup_food,all,all,78.0,9002273.0,0.87,231.0,,stagnant,,,,,,True
cases,2023-M04,month,CHFL,CHFL,all,agegroup_food,all,all,73.0,9002273.0,0.81,304.0,,stagnant,,,,,,True
cases,2023-M05,month,CHFL,CHFL,all,agegroup_food,all,all,80.0,9002273.0,0.89,384.0,,stagnant,,,,,,True
cases,2023-M06,month,CHFL,CHFL,all,agegroup_food,all,all,102.0,9002273.0,1.13,486.0,,stagnant,,,,,,True
cases,2023-M07,month,CHFL,CHFL,all,agegroup_food,all,all,138.0,9002273.0,1.53,624.0,,rising,,,,,,True
cases,2023-M08,month,CHFL,CHFL,all,agegroup_food,all,all,155.0,9002273.0,1.72,779.0,,rising,,,,,,True
cases,2023-M09,month,CHFL,CHFL,all,agegroup_food,all,all,160.0,9002273.0,1.78,939.0,,rising,,,,,,True
cases,2023-M10,month,CHFL,CHFL,all,agegroup_food,all,all,116.0,9002273.0,1.29,1055.0,,stagnant,,,,,,True
cases,2023-M11,month,CHFL,CHFL,all,agegroup_food,all,all,106.0,9002273.0,1.18,1161.0,,falling,,,,,,True
cases,2023-M12,month,CHFL,CHFL,all,agegroup_food,all,all,78.0,9002273.0,0.87,1239.0,,falling,,,,,,True
cases,2024-M01,month,CHFL,CHFL,all,agegroup_food,all,all,87.0,9091915.0,0.96,87.0,,falling,,,,,,True
cases,2024-M02,month,CHFL,CHFL,all,agegroup_food,all,all,92.0,9091915.0,1.01,179.0,,stagnant,,,,,,True
cases,2024-M03,month,CHFL,CHFL,all,agegroup_food,all,all,83.0,9091915.0,0.91,262.0,,stagnant,,,,,,True
cases,2024-M04,month,CHFL,CHFL,all,agegroup_food,all,all,94.0,9091915.0,1.03,356.0,,stagnant,,,,,,True
cases,2024-M05,month,CHFL,CHFL,all,agegroup_food,all,all,100.0,9091915.0,1.1,456.0,,stagnant,,,,,,True
cases,2024-M06,month,CHFL,CHFL,all,agegroup_food,all,all,122.0,9091915.0,1.34,578.0,,rising,,,,,,True
cases,2024-M07,month,CHFL,CHFL,all,agegroup_food,all,all,149.0,9091915.0,1.64,727.0,,rising,,,,,,True
cases,2024-M08,month,CHFL,CHFL,all,agegroup_food,all,all,195.0,9091915.0,2.14,922.0,,rising,,,,,,True
cases,2024-M09,month,CHFL,CHFL,all,agegroup_food,all,all,146.0,9091915.0,1.61,1068.0,,stagnant,,,,,,True
cases,2024-M10,month,CHFL,CHFL,all,agegroup_food,all,all,134.0,9091915.0,1.47,1202.0,,stagnant,,,,,,True
cases,2024-M11,month,CHFL,CHFL,all,agegroup_food,all,all,116.0,9091915.0,1.28,1318.0,,falling,,,,,,True
cases,2024-M12,month,CHFL,CHFL,all,agegroup_food,all,all,74.0,9091915.0,0.81,1392.0,,falling,,,,,,True
cases,2025-M01,month,CHFL,CHFL,all,agegroup_food,all,all,95.0,9091915.0,1.04,95.0,,falling,,,,,,True
cases,2025-M02,month,CHFL,CHFL,all,agegroup_food,all,all,89.0,9091915.0,0.98,184.0,,stagnant,,,,,,True
cases,2025-M03,month,CHFL,CHFL,all,agegroup_food,all,all,80.0,9091915.0,0.88,264.0,,stagnant,,,,,,True
cases,2025-M04,month,CHFL,CHFL,all,agegroup_food,all,all,86.0,9091915.0,0.95,350.0,,stagnant,,,,,,True
cases,2025-M05,month,CHFL,CHFL,all,agegroup_food,all,all,104.0,9091915.0,1.14,454.0,,stagnant,,,,,,True
cases,2025-M06,month,CHFL,CHFL,all,agegroup_food,all,all,163.0,9091915.0,1.79,617.0,,rising,,,,,,True
cases,2025-M07,month,CHFL,CHFL,all,agegroup_food,all,all,177.0,9091915.0,1.95,794.0,,rising,,,,,,True
cases,2025-M08,month,CHFL,CHFL,all,agegroup_food,all,all,174.0,9091915.0,1.91,968.0,,rising,,,,,,True
cases,2025-M09,month,CHFL,CHFL,all,agegroup_food,all,all,136.0,9091915.0,1.5,1104.0,,stagnant,,,,,,True
cases,2025-M10,month,CHFL,CHFL,all,agegroup_food,all,all,125.0,9091915.0,1.37,1229.0,,falling,,,,,,True
cases,2025-M11,month,CHFL,CHFL,all,agegroup_food,all,all,120.0,9091915.0,1.32,1349.0,,falling,,,,,,True
cases,2025-M12,month,CHFL,CHFL,all,agegroup_food,all,all,97.0,9091915.0,1.07,1446.0,,falling,,,,,,True
cases,2026-M01,month,CHFL,CHFL,all,agegroup_food,all,all,99.0,9091674.0,1.09,99.0,,falling,,,,,,True
cases,2026-M02,month,CHFL,CHFL,all,agegroup_food,all,all,86.0,9091674.0,0.95,185.0,,falling,,,,,,True
cases,2026-M03,month,CHFL,CHFL,all,agegroup_food,all,all,109.0,9091674.0,1.2,294.0,,stagnant,,,,,,True
cases,2026-M04,month,CHFL,CHFL,all,agegroup_food,all,all,112.0,9091674.0,1.23,406.0,,stagnant,,,,,,True
cases,2026-M05,month,CHFL,CHFL,all,agegroup_food,all,all,138.0,9091674.0,1.52,544.0,,rising,,,,,,True
cases,2026-M06,month,CHFL,CHFL,all,agegroup_food,all,all,165.0,9091674.0,1.81,709.0,,rising,,,,,,True
cases,2026-M07,month,CHFL,CHFL,all,agegroup_food,all,all,267.0,9091674.0,2.94,976.0,,rising,,,,,,True
cases,2026-M08,month,CHFL,CHFL,all,agegroup_food,all,all,261.0,9091674.0,2.87,1237.0,,rising,,,,,,True
