valueCategory,temporal,georegion,georegion_type,incValue,incValue_rounded,incValue_cat
cases,2013,AG,canton,13.51,14.0,4
cases,2013,AI,canton,0.0,0.0,1
cases,2013,AR,canton,20.49,20.0,5
cases,2013,BE,canton,14.08,14.0,4
cases,2013,BL,canton,16.87,17.0,4
cases,2013,BS,canton,23.24,23.0,6
cases,2013,FR,canton,12.43,12.0,3
cases,2013,GE,canton,17.25,17.0,4
cases,2013,GL,canton,27.78,28.0,7
cases,2013,GR,canton,17.44,17.0,5
cases,2013,JU,canton,25.09,25.0,6
cases,2013,LU,canton,17.68,18.0,5
cases,2013,NE,canton,14.17,14.0,4
cases,2013,NW,canton,4.77,5.0,2
cases,2013,OW,canton,16.44,16.0,4
cases,2013,SG,canton,17.29,17.0,4
cases,2013,SH,canton,15.23,15.0,4
cases,2013,SO,canton,17.21,17.0,4
cases,2013,SZ,canton,11.23,11.0,3
cases,2013,TG,canton,14.98,15.0,4
cases,2013,TI,canton,17.89,18.0,5
cases,2013,UR,canton,11.15,11.0,3
cases,2013,VD,canton,14.01,14.0,4
cases,2013,VS,canton,17.43,17.0,5
cases,2013,ZG,canton,17.78,18.0,5
cases,2013,ZH,canton,14.59,15.0,4
cases,2014,AG,canton,16.27,16.0,4
cases,2014,AI,canton,18.92,19.0,5
cases,2014,AR,canton,14.8,15.0,4
cases,2014,BE,canton,11.1,11.0,3
cases,2014,BL,canton,14.58,15.0,4
cases,2014,BS,canton,23.09,23.0,6
cases,2014,FR,canton,13.51,14.0,4
cases,2014,GE,canton,21.79,22.0,6
cases,2014,GL,canton,7.54,8.0,2
cases,2014,GR,canton,15.32,15.0,4
cases,2014,JU,canton,15.19,15.0,4
cases,2014,LU,canton,13.94,14.0,4
cases,2014,NE,canton,14.1,14.0,4
cases,2014,NW,canton,2.38,2.0,1
cases,2014,OW,canton,2.71,3.0,1
cases,2014,SG,canton,9.68,10.0,3
cases,2014,SH,canton,16.37,16.0,4
cases,2014,SO,canton,14.79,15.0,4
cases,2014,SZ,canton,17.67,18.0,5
cases,2014,TG,canton,19.72,20.0,5
cases,2014,TI,canton,22.55,23.0,6
cases,2014,UR,canton,16.66,17.0,4
cases,2014,VD,canton,16.94,17.0,4
cases,2014,VS,canton,15.67,16.0,4
cases,2014,ZG,canton,6.66,7.0,2
cases,2014,ZH,canton,13.69,14.0,4
cases,2015,AG,canton,14.69,15.0,4
cases,2015,AI,canton,12.52,13.0,3
cases,2015,AR,canton,20.17,20.0,5
cases,2015,BE,canton,15.04,15.0,4
cases,2015,BL,canton,19.42,19.0,5
cases,2015,BS,canton,17.73,18.0,5
cases,2015,FR,canton,12.04,12.0,3
cases,2015,GE,canton,27.66,28.0,7
cases,2015,GL,canton,19.99,20.0,5
cases,2015,GR,canton,13.23,13.0,4
cases,2015,JU,canton,30.23,30.0,7
cases,2015,LU,canton,13.29,13.0,4
cases,2015,NE,canton,27.52,28.0,7
cases,2015,NW,canton,14.15,14.0,4
cases,2015,OW,canton,2.7,3.0,1
cases,2015,SG,canton,17.43,17.0,5
cases,2015,SH,canton,17.54,18.0,5
cases,2015,SO,canton,16.14,16.0,4
cases,2015,SZ,canton,10.38,10.0,3
cases,2015,TG,canton,16.08,16.0,4
cases,2015,TI,canton,20.46,20.0,5
cases,2015,UR,canton,11.12,11.0,3
cases,2015,VD,canton,17.33,17.0,4
cases,2015,VS,canton,16.09,16.0,4
cases,2015,ZG,canton,11.46,11.0,3
cases,2015,ZH,canton,12.69,13.0,3
cases,2016,AG,canton,18.54,19.0,5
cases,2016,AI,canton,6.25,6.0,2
cases,2016,AR,canton,3.64,4.0,1
cases,2016,BE,canton,17.92,18.0,5
cases,2016,BL,canton,24.86,25.0,6
cases,2016,BS,canton,22.27,22.0,6
cases,2016,FR,canton,16.03,16.0,4
cases,2016,GE,canton,19.41,19.0,5
cases,2016,GL,canton,7.47,7.0,2
cases,2016,GR,canton,17.72,18.0,5
cases,2016,JU,canton,15.04,15.0,4
cases,2016,LU,canton,16.11,16.0,4
cases,2016,NE,canton,22.4,22.0,6
cases,2016,NW,canton,2.35,2.0,1
cases,2016,OW,canton,21.4,21.0,5
cases,2016,SG,canton,17.31,17.0,4
cases,2016,SH,canton,12.38,12.0,3
cases,2016,SO,canton,23.75,24.0,6
cases,2016,SZ,canton,14.11,14.0,4
cases,2016,TG,canton,14.78,15.0,4
cases,2016,TI,canton,23.42,23.0,6
cases,2016,UR,canton,13.83,14.0,4
cases,2016,VD,canton,23.19,23.0,6
cases,2016,VS,canton,15.33,15.0,4
cases,2016,ZG,canton,7.26,7.0,2
cases,2016,ZH,canton,15.05,15.0,4
cases,2017,AG,canton,21.16,21.0,5
cases,2017,AI,canton,6.21,6.0,2
cases,2017,AR,canton,10.87,11.0,3
cases,2017,BE,canton,19.3,19.0,5
cases,2017,BL,canton,21.6,22.0,5
cases,2017,BS,canton,19.6,20.0,5
cases,2017,FR,canton,25.07,25.0,6
cases,2017,GE,canton,25.85,26.0,6
cases,2017,GL,canton,19.83,20.0,5
cases,2017,GR,canton,16.68,17.0,4
cases,2017,JU,canton,20.47,20.0,5
cases,2017,LU,canton,16.97,17.0,4
cases,2017,NE,canton,28.1,28.0,7
cases,2017,NW,canton,30.25,30.0,7
cases,2017,OW,canton,18.63,19.0,5
cases,2017,SG,canton,18.23,18.0,5
cases,2017,SH,canton,18.44,18.0,5
cases,2017,SO,canton,19.53,20.0,5
cases,2017,SZ,canton,20.98,21.0,5
cases,2017,TG,canton,15.7,16.0,4
cases,2017,TI,canton,24.6,25.0,6
cases,2017,UR,canton,19.28,19.0,5
cases,2017,VD,canton,32.28,32.0,8
cases,2017,VS,canton,24.6,25.0,6
cases,2017,ZG,canton,18.34,18.0,5
cases,2017,ZH,canton,18.81,19.0,5
cases,2018,AG,canton,17.25,17.0,4
cases,2018,AI,canton,6.19,6.0,2
cases,2018,AR,canton,3.62,4.0,1
cases,2018,BE,canton,13.43,13.0,4
cases,2018,BL,canton,21.86,22.0,6
cases,2018,BS,canton,17.97,18.0,5
cases,2018,FR,canton,19.45,19.0,5
cases,2018,GE,canton,24.23,24.0,6
cases,2018,GL,canton,19.8,20.0,5
cases,2018,GR,canton,15.63,16.0,4
cases,2018,JU,canton,28.6,29.0,7
cases,2018,LU,canton,13.92,14.0,4
cases,2018,NE,canton,16.4,16.0,4
cases,2018,NW,canton,11.57,12.0,3
cases,2018,OW,canton,15.86,16.0,4
cases,2018,SG,canton,14.58,15.0,4
cases,2018,SH,canton,17.08,17.0,4
cases,2018,SO,canton,17.94,18.0,5
cases,2018,SZ,canton,13.82,14.0,4
cases,2018,TG,canton,16.28,16.0,4
cases,2018,TI,canton,20.66,21.0,5
cases,2018,UR,canton,13.72,14.0,4
cases,2018,VD,canton,16.64,17.0,4
cases,2018,VS,canton,23.26,23.0,6
cases,2018,ZG,canton,21.29,21.0,5
cases,2018,ZH,canton,16.17,16.0,4
cases,2019,AG,canton,18.37,18.0,5
cases,2019,AI,canton,24.8,25.0,6
cases,2019,AR,canton,9.02,9.0,3
cases,2019,BE,canton,14.62,15.0,4
cases,2019,BL,canton,24.53,25.0,6
cases,2019,BS,canton,24.0,24.0,6
cases,2019,FR,canton,13.67,14.0,4
cases,2019,GE,canton,20.83,21.0,5
cases,2019,GL,canton,14.78,15.0,4
cases,2019,GR,canton,14.57,15.0,4
cases,2019,JU,canton,14.95,15.0,4
cases,2019,LU,canton,13.8,14.0,4
cases,2019,NE,canton,23.23,23.0,6
cases,2019,NW,canton,23.21,23.0,6
cases,2019,OW,canton,18.46,18.0,5
cases,2019,SG,canton,16.25,16.0,4
cases,2019,SH,canton,15.79,16.0,4
cases,2019,SO,canton,22.53,23.0,6
cases,2019,SZ,canton,11.84,12.0,3
cases,2019,TG,canton,18.24,18.0,5
cases,2019,TI,canton,21.34,21.0,5
cases,2019,UR,canton,24.52,25.0,6
cases,2019,VD,canton,20.49,20.0,5
cases,2019,VS,canton,18.52,19.0,5
cases,2019,ZG,canton,16.45,16.0,4
cases,2019,ZH,canton,16.96,17.0,4
cases,2019,unknown,canton,,,
cases,2020,AG,canton,13.54,14.0,4
cases,2020,AI,canton,12.28,12.0,3
cases,2020,AR,canton,10.85,11.0,3
cases,2020,BE,canton,10.93,11.0,3
cases,2020,BL,canton,16.15,16.0,4
cases,2020,BS,canton,18.81,19.0,5
cases,2020,FR,canton,14.13,14.0,4
cases,2020,GE,canton,16.59,17.0,4
cases,2020,GL,canton,14.69,15.0,4
cases,2020,GR,canton,17.49,17.0,5
cases,2020,JU,canton,8.14,8.0,2
cases,2020,LU,canton,17.05,17.0,4
cases,2020,NE,canton,14.78,15.0,4
cases,2020,NW,canton,0.0,0.0,1
cases,2020,OW,canton,20.99,21.0,5
cases,2020,SG,canton,10.69,11.0,3
cases,2020,SH,canton,13.24,13.0,4
cases,2020,SO,canton,18.02,18.0,5
cases,2020,SZ,canton,12.33,12.0,3
cases,2020,TG,canton,15.91,16.0,4
cases,2020,TI,canton,24.5,24.0,6
cases,2020,UR,canton,24.44,24.0,6
cases,2020,VD,canton,16.69,17.0,4
cases,2020,VS,canton,14.35,14.0,4
cases,2020,ZG,canton,15.53,16.0,4
cases,2020,ZH,canton,11.52,12.0,3
cases,2021,AG,canton,12.37,12.0,3
cases,2021,AI,canton,0.0,0.0,1
cases,2021,AR,canton,12.59,13.0,3
cases,2021,BE,canton,13.37,13.0,4
cases,2021,BL,canton,17.42,17.0,5
cases,2021,BS,canton,20.91,21.0,5
cases,2021,FR,canton,19.71,20.0,5
cases,2021,GE,canton,23.75,24.0,6
cases,2021,GL,canton,16.99,17.0,4
cases,2021,GR,canton,13.41,13.0,4
cases,2021,JU,canton,9.49,9.0,3
cases,2021,LU,canton,14.51,15.0,4
cases,2021,NE,canton,21.57,22.0,5
cases,2021,NW,canton,18.23,18.0,5
cases,2021,OW,canton,15.61,16.0,4
cases,2021,SG,canton,10.59,11.0,3
cases,2021,SH,canton,10.71,11.0,3
cases,2021,SO,canton,16.06,16.0,4
cases,2021,SZ,canton,15.88,16.0,4
cases,2021,TG,canton,14.34,14.0,4
cases,2021,TI,canton,26.41,26.0,7
cases,2021,UR,canton,26.99,27.0,7
cases,2021,VD,canton,24.3,24.0,6
cases,2021,VS,canton,24.35,24.0,6
cases,2021,ZG,canton,6.93,7.0,2
cases,2021,ZH,canton,15.08,15.0,4
cases,2021,unknown,canton,,,
cases,2022,AG,canton,21.23,21.0,5
cases,2022,AI,canton,0.0,0.0,1
cases,2022,AR,canton,8.97,9.0,3
cases,2022,BE,canton,14.08,14.0,4
cases,2022,BL,canton,26.49,26.0,7
cases,2022,BS,canton,18.29,18.0,5
cases,2022,FR,canton,25.71,26.0,6
cases,2022,GE,canton,31.51,32.0,8
cases,2022,GL,canton,14.47,14.0,4
cases,2022,GR,canton,22.22,22.0,6
cases,2022,JU,canton,35.2,35.0,9
cases,2022,LU,canton,11.06,11.0,3
cases,2022,NE,canton,27.75,28.0,7
cases,2022,NW,canton,15.76,16.0,4
cases,2022,OW,canton,5.17,5.0,2
cases,2022,SG,canton,15.21,15.0,4
cases,2022,SH,canton,25.82,26.0,6
cases,2022,SO,canton,17.35,17.0,4
cases,2022,SZ,canton,15.77,16.0,4
cases,2022,TG,canton,18.3,18.0,5
cases,2022,TI,canton,22.88,23.0,6
cases,2022,UR,canton,21.44,21.0,5
cases,2022,VD,canton,28.3,28.0,7
cases,2022,VS,canton,25.75,26.0,6
cases,2022,ZG,canton,18.3,18.0,5
cases,2022,ZH,canton,20.19,20.0,5
cases,2022,unknown,canton,,,
cases,2023,AG,canton,16.78,17.0,4
cases,2023,AI,canton,0.0,0.0,1
cases,2023,AR,canton,14.16,14.0,4
cases,2023,BE,canton,18.52,19.0,5
cases,2023,BL,canton,23.42,23.0,6
cases,2023,BS,canton,19.5,20.0,5
cases,2023,FR,canton,21.37,21.0,5
cases,2023,GE,canton,35.47,35.0,9
cases,2023,GL,canton,23.78,24.0,6
cases,2023,GR,canton,19.52,20.0,5
cases,2023,JU,canton,29.51,30.0,7
cases,2023,LU,canton,15.02,15.0,4
cases,2023,NE,canton,21.87,22.0,6
cases,2023,NW,canton,11.11,11.0,3
cases,2023,OW,canton,15.28,15.0,4
cases,2023,SG,canton,13.08,13.0,4
cases,2023,SH,canton,21.81,22.0,6
cases,2023,SO,canton,21.61,22.0,5
cases,2023,SZ,canton,14.93,15.0,4
cases,2023,TG,canton,15.58,16.0,4
cases,2023,TI,canton,29.91,30.0,7
cases,2023,UR,canton,15.82,16.0,4
cases,2023,VD,canton,24.94,25.0,6
cases,2023,VS,canton,17.49,17.0,5
cases,2023,ZG,canton,19.61,20.0,5
cases,2023,ZH,canton,18.5,18.0,5
cases,2024,AG,canton,23.51,24.0,6
cases,2024,AI,canton,0.0,0.0,1
cases,2024,AR,canton,17.64,18.0,5
cases,2024,BE,canton,21.38,21.0,5
cases,2024,BL,canton,27.21,27.0,7
cases,2024,BS,canton,21.85,22.0,6
cases,2024,FR,canton,23.36,23.0,6
cases,2024,GE,canton,35.59,36.0,9
cases,2024,GL,canton,18.88,19.0,5
cases,2024,GR,canton,17.95,18.0,5
cases,2024,JU,canton,40.09,40.0,10
cases,2024,LU,canton,21.01,21.0,5
cases,2024,NE,canton,36.21,36.0,9
cases,2024,NW,canton,17.64,18.0,5
cases,2024,OW,canton,10.09,10.0,3
cases,2024,SG,canton,16.48,16.0,4
cases,2024,SH,canton,25.94,26.0,6
cases,2024,SO,canton,21.74,22.0,6
cases,2024,SZ,canton,20.72,21.0,5
cases,2024,TG,canton,18.03,18.0,5
cases,2024,TI,canton,22.29,22.0,6
cases,2024,UR,canton,23.51,24.0,6
cases,2024,VD,canton,36.95,37.0,9
cases,2024,VS,canton,26.93,27.0,7
cases,2024,ZG,canton,18.69,19.0,5
cases,2024,ZH,canton,25.31,25.0,6
cases,2025,AG,canton,22.02,22.0,6
cases,2025,AI,canton,17.93,18.0,5
cases,2025,AR,canton,15.87,16.0,4
cases,2025,BE,canton,26.14,26.0,7
cases,2025,BL,canton,30.53,31.0,8
cases,2025,BS,canton,22.84,23.0,6
cases,2025,FR,canton,24.81,25.0,6
cases,2025,GE,canton,36.34,36.0,9
cases,2025,GL,canton,21.24,21.0,5
cases,2025,GR,canton,22.32,22.0,6
cases,2025,JU,canton,52.11,52.0,12
cases,2025,LU,canton,17.58,18.0,5
cases,2025,NE,canton,24.51,25.0,6
cases,2025,NW,canton,15.44,15.0,4
cases,2025,OW,canton,5.04,5.0,2
cases,2025,SG,canton,22.22,22.0,6
cases,2025,SH,canton,37.22,37.0,9
cases,2025,SO,canton,24.16,24.0,6
cases,2025,SZ,canton,14.8,15.0,4
cases,2025,TG,canton,17.03,17.0,4
cases,2025,TI,canton,27.31,27.0,7
cases,2025,UR,canton,31.35,31.0,8
cases,2025,VD,canton,36.14,36.0,9
cases,2025,VS,canton,27.74,28.0,7
cases,2025,ZG,canton,15.7,16.0,4
cases,2025,ZH,canton,21.05,21.0,5
