valueCategory,temporal,value,year,month,value_cat
cases,2013-M01,87.0,2013,1,1
cases,2013-M02,76.0,2013,2,1
cases,2013-M03,63.0,2013,3,1
cases,2013-M04,92.0,2013,4,1
cases,2013-M05,88.0,2013,5,1
cases,2013-M06,87.0,2013,6,1
cases,2013-M07,91.0,2013,7,1
cases,2013-M08,217.0,2013,8,4
cases,2013-M09,133.0,2013,9,2
cases,2013-M10,151.0,2013,10,3
cases,2013-M11,123.0,2013,11,2
cases,2013-M12,63.0,2013,12,1
cases,2014-M01,96.0,2014,1,2
cases,2014-M02,48.0,2014,2,1
cases,2014-M03,70.0,2014,3,1
cases,2014-M04,80.0,2014,4,1
cases,2014-M05,91.0,2014,5,2
cases,2014-M06,85.0,2014,6,1
cases,2014-M07,125.0,2014,7,2
cases,2014-M08,211.0,2014,8,4
cases,2014-M09,133.0,2014,9,3
cases,2014-M10,141.0,2014,10,3
cases,2014-M11,96.0,2014,11,2
cases,2014-M12,64.0,2014,12,1
cases,2015-M01,71.0,2015,1,1
cases,2015-M02,46.0,2015,2,1
cases,2015-M03,65.0,2015,3,1
cases,2015-M04,85.0,2015,4,1
cases,2015-M05,80.0,2015,5,1
cases,2015-M06,85.0,2015,6,1
cases,2015-M07,147.0,2015,7,3
cases,2015-M08,241.0,2015,8,4
cases,2015-M09,168.0,2015,9,3
cases,2015-M10,190.0,2015,10,3
cases,2015-M11,121.0,2015,11,2
cases,2015-M12,56.0,2015,12,1
cases,2016-M01,87.0,2016,1,1
cases,2016-M02,72.0,2016,2,1
cases,2016-M03,84.0,2016,3,1
cases,2016-M04,98.0,2016,4,1
cases,2016-M05,104.0,2016,5,1
cases,2016-M06,78.0,2016,6,1
cases,2016-M07,126.0,2016,7,2
cases,2016-M08,282.0,2016,8,4
cases,2016-M09,197.0,2016,9,3
cases,2016-M10,161.0,2016,10,2
cases,2016-M11,121.0,2016,11,1
cases,2016-M12,110.0,2016,12,1
cases,2017-M01,81.0,2017,1,1
cases,2017-M02,58.0,2017,2,1
cases,2017-M03,72.0,2017,3,1
cases,2017-M04,86.0,2017,4,1
cases,2017-M05,97.0,2017,5,1
cases,2017-M06,124.0,2017,6,1
cases,2017-M07,219.0,2017,7,2
cases,2017-M08,408.0,2017,8,4
cases,2017-M09,294.0,2017,9,3
cases,2017-M10,196.0,2017,10,2
cases,2017-M11,116.0,2017,11,1
cases,2017-M12,85.0,2017,12,1
cases,2018-M01,109.0,2018,1,1
cases,2018-M02,80.0,2018,2,1
cases,2018-M03,76.0,2018,3,1
cases,2018-M04,73.0,2018,4,1
cases,2018-M05,112.0,2018,5,1
cases,2018-M06,102.0,2018,6,1
cases,2018-M07,140.0,2018,7,2
cases,2018-M08,242.0,2018,8,4
cases,2018-M09,173.0,2018,9,3
cases,2018-M10,183.0,2018,10,3
cases,2018-M11,97.0,2018,11,1
cases,2018-M12,83.0,2018,12,1
cases,2019-M01,94.0,2019,1,1
cases,2019-M02,69.0,2019,2,1
cases,2019-M03,78.0,2019,3,1
cases,2019-M04,92.0,2019,4,1
cases,2019-M05,116.0,2019,5,1
cases,2019-M06,108.0,2019,6,1
cases,2019-M07,156.0,2019,7,2
cases,2019-M08,258.0,2019,8,4
cases,2019-M09,165.0,2019,9,3
cases,2019-M10,182.0,2019,10,3
cases,2019-M11,138.0,2019,11,2
cases,2019-M12,87.0,2019,12,1
cases,2020-M01,87.0,2020,1,2
cases,2020-M02,78.0,2020,2,1
cases,2020-M03,50.0,2020,3,1
cases,2020-M04,46.0,2020,4,1
cases,2020-M05,58.0,2020,5,1
cases,2020-M06,79.0,2020,6,1
cases,2020-M07,135.0,2020,7,3
cases,2020-M08,206.0,2020,8,4
cases,2020-M09,200.0,2020,9,4
cases,2020-M10,130.0,2020,10,3
cases,2020-M11,90.0,2020,11,2
cases,2020-M12,90.0,2020,12,2
cases,2021-M01,65.0,2021,1,1
cases,2021-M02,60.0,2021,2,1
cases,2021-M03,65.0,2021,3,1
cases,2021-M04,74.0,2021,4,1
cases,2021-M05,101.0,2021,5,1
cases,2021-M06,120.0,2021,6,2
cases,2021-M07,182.0,2021,7,3
cases,2021-M08,290.0,2021,8,4
cases,2021-M09,198.0,2021,9,3
cases,2021-M10,174.0,2021,10,2
cases,2021-M11,97.0,2021,11,1
cases,2021-M12,58.0,2021,12,1
cases,2022-M01,82.0,2022,1,1
cases,2022-M02,54.0,2022,2,1
cases,2022-M03,78.0,2022,3,1
cases,2022-M04,92.0,2022,4,1
cases,2022-M05,152.0,2022,5,2
cases,2022-M06,157.0,2022,6,2
cases,2022-M07,212.0,2022,7,3
cases,2022-M08,334.0,2022,8,4
cases,2022-M09,241.0,2022,9,3
cases,2022-M10,213.0,2022,10,3
cases,2022-M11,137.0,2022,11,2
cases,2022-M12,92.0,2022,12,1
cases,2023-M01,114.0,2023,1,1
cases,2023-M02,76.0,2023,2,1
cases,2023-M03,84.0,2023,3,1
cases,2023-M04,99.0,2023,4,1
cases,2023-M05,131.0,2023,5,1
cases,2023-M06,126.0,2023,6,1
cases,2023-M07,190.0,2023,7,2
cases,2023-M08,305.0,2023,8,4
cases,2023-M09,278.0,2023,9,4
cases,2023-M10,222.0,2023,10,3
cases,2023-M11,113.0,2023,11,1
cases,2023-M12,85.0,2023,12,1
cases,2024-M01,87.0,2024,1,1
cases,2024-M02,97.0,2024,2,1
cases,2024-M03,95.0,2024,3,1
cases,2024-M04,127.0,2024,4,1
cases,2024-M05,128.0,2024,5,1
cases,2024-M06,124.0,2024,6,1
cases,2024-M07,221.0,2024,7,2
cases,2024-M08,437.0,2024,8,4
cases,2024-M09,334.0,2024,9,3
cases,2024-M10,342.0,2024,10,3
cases,2024-M11,183.0,2024,11,2
cases,2024-M12,88.0,2024,12,1
cases,2025-M01,147.0,2025,1,1
cases,2025-M02,100.0,2025,2,1
cases,2025-M03,121.0,2025,3,1
cases,2025-M04,131.0,2025,4,1
cases,2025-M05,177.0,2025,5,2
cases,2025-M06,180.0,2025,6,2
cases,2025-M07,246.0,2025,7,3
cases,2025-M08,374.0,2025,8,4
cases,2025-M09,297.0,2025,9,3
cases,2025-M10,249.0,2025,10,3
cases,2025-M11,147.0,2025,11,1
cases,2025-M12,119.0,2025,12,1
cases,2026-M01,122.0,2026,1,1
cases,2026-M02,89.0,2026,2,1
cases,2026-M03,120.0,2026,3,1
cases,2026-M04,141.0,2026,4,1
cases,2026-M05,126.0,2026,5,1
cases,2026-M06,170.0,2026,6,1
cases,2026-M07,290.0,2026,7,2
cases,2026-M08,555.0,2026,8,4
