valueCategory,temporal,agegroup,agegroup_type,incValue,incValue_rounded
cases_10y_mean,2022,0 - 16,agegroup_food,31.12,31.0
cases_10y_mean,2022,17 - 24,agegroup_food,22.53,23.0
cases_10y_mean,2022,25 - 44,agegroup_food,12.21,12.0
cases_10y_mean,2022,45 - 64,agegroup_food,12.02,12.0
cases_10y_mean,2022,65+,agegroup_food,17.73,18.0
cases_10y_mean,2022,unknown,agegroup_food,,
cases_10y_mean,2023,0 - 16,agegroup_food,31.94,32.0
cases_10y_mean,2023,17 - 24,agegroup_food,22.53,23.0
cases_10y_mean,2023,25 - 44,agegroup_food,12.63,13.0
cases_10y_mean,2023,45 - 64,agegroup_food,12.21,12.0
cases_10y_mean,2023,65+,agegroup_food,18.62,19.0
cases_10y_mean,2023,unknown,agegroup_food,,
cases_10y_mean,2024,0 - 16,agegroup_food,33.58,34.0
cases_10y_mean,2024,17 - 24,agegroup_food,23.61,24.0
cases_10y_mean,2024,25 - 44,agegroup_food,13.55,14.0
cases_10y_mean,2024,45 - 64,agegroup_food,12.78,13.0
cases_10y_mean,2024,65+,agegroup_food,19.72,20.0
cases_10y_mean,2024,unknown,agegroup_food,,
cases_10y_mean,2025,0 - 16,agegroup_food,35.14,35.0
cases_10y_mean,2025,17 - 24,agegroup_food,24.79,25.0
cases_10y_mean,2025,25 - 44,agegroup_food,14.36,14.0
cases_10y_mean,2025,45 - 64,agegroup_food,13.1,13.0
cases_10y_mean,2025,65+,agegroup_food,20.88,21.0
cases_10y_mean,2025,unknown,agegroup_food,,
