valueCategory,temporal,type,value,prct
cases,2013,enteritidis,366.0,28.8
cases,2013,monophasic_salmonella_typhimurium,204.0,16.1
cases,2013,napoli,17.0,1.3
cases,2013,other,467.0,36.7
cases,2013,species,17.0,1.3
cases,2013,typhimurium,200.0,15.7
cases,2014,enteritidis,345.0,27.8
cases,2014,monophasic_salmonella_typhimurium,195.0,15.7
cases,2014,napoli,18.0,1.5
cases,2014,other,480.0,38.7
cases,2014,species,20.0,1.6
cases,2014,typhimurium,182.0,14.7
cases,2015,enteritidis,478.0,35.3
cases,2015,monophasic_salmonella_typhimurium,133.0,9.8
cases,2015,napoli,22.0,1.6
cases,2015,other,493.0,36.4
cases,2015,species,42.0,3.1
cases,2015,typhimurium,187.0,13.8
cases,2016,enteritidis,543.0,35.7
cases,2016,monophasic_salmonella_typhimurium,207.0,13.6
cases,2016,napoli,24.0,1.6
cases,2016,other,506.0,33.3
cases,2016,species,60.0,3.9
cases,2016,typhimurium,180.0,11.8
cases,2017,enteritidis,715.0,38.9
cases,2017,monophasic_salmonella_typhimurium,200.0,10.9
cases,2017,napoli,35.0,1.9
cases,2017,other,495.0,27.0
cases,2017,species,159.0,8.7
cases,2017,typhimurium,232.0,12.6
cases,2018,enteritidis,405.0,27.6
cases,2018,monophasic_salmonella_typhimurium,182.0,12.4
cases,2018,napoli,39.0,2.7
cases,2018,other,502.0,34.1
cases,2018,species,100.0,6.8
cases,2018,typhimurium,242.0,16.5
cases,2019,enteritidis,419.0,27.2
cases,2019,monophasic_salmonella_typhimurium,176.0,11.4
cases,2019,napoli,52.0,3.4
cases,2019,other,561.0,36.4
cases,2019,species,132.0,8.6
cases,2019,typhimurium,203.0,13.2
cases,2020,enteritidis,363.0,29.1
cases,2020,monophasic_salmonella_typhimurium,163.0,13.1
cases,2020,napoli,39.0,3.1
cases,2020,other,362.0,29.0
cases,2020,species,122.0,9.8
cases,2020,typhimurium,200.0,16.0
cases,2021,enteritidis,488.0,32.9
cases,2021,monophasic_salmonella_typhimurium,132.0,8.9
cases,2021,napoli,55.0,3.7
cases,2021,other,444.0,29.9
cases,2021,species,181.0,12.2
cases,2021,typhimurium,184.0,12.4
cases,2022,enteritidis,595.0,32.3
cases,2022,monophasic_salmonella_typhimurium,171.0,9.3
cases,2022,napoli,44.0,2.4
cases,2022,other,512.0,27.8
cases,2022,species,276.0,15.0
cases,2022,typhimurium,246.0,13.3
cases,2023,enteritidis,545.0,29.9
cases,2023,monophasic_salmonella_typhimurium,156.0,8.6
cases,2023,napoli,64.0,3.5
cases,2023,other,492.0,27.0
cases,2023,species,339.0,18.6
cases,2023,typhimurium,227.0,12.5
cases,2024,enteritidis,848.0,37.5
cases,2024,monophasic_salmonella_typhimurium,141.0,6.2
cases,2024,napoli,36.0,1.6
cases,2024,other,521.0,23.0
cases,2024,species,378.0,16.7
cases,2024,typhimurium,339.0,15.0
cases,2025,enteritidis,825.0,36.1
cases,2025,monophasic_salmonella_typhimurium,111.0,4.9
cases,2025,napoli,63.0,2.8
cases,2025,other,759.0,33.2
cases,2025,species,170.0,7.4
cases,2025,typhimurium,360.0,15.7
