valueCategory,temporal,temporal_type,georegion,georegion_type,agegroup,agegroup_type,sex,value,pop,incValue,valueYearCumSum,valueMean3y,trend,prct,deltaValue,deltaIncValue,incValuePrctChange,valueMean5y,dataComplete
cases,2013-M01,month,CHFL,CHFL,all,agegroup_food,all,15,8176573,0.18,15,NA,NA,NA,NA,NA,NA,NA,TRUE
cases,2013-M02,month,CHFL,CHFL,all,agegroup_food,all,11,8176573,0.13,26,NA,NA,NA,NA,NA,NA,NA,TRUE
cases,2013-M03,month,CHFL,CHFL,all,agegroup_food,all,13,8176573,0.16,39,NA,NA,NA,NA,NA,NA,NA,TRUE
cases,2013-M04,month,CHFL,CHFL,all,agegroup_food,all,12,8176573,0.15,51,NA,stagnant,NA,NA,NA,NA,NA,TRUE
cases,2013-M05,month,CHFL,CHFL,all,agegroup_food,all,4,8176573,0.05,55,NA,stagnant,NA,NA,NA,NA,NA,TRUE
cases,2013-M06,month,CHFL,CHFL,all,agegroup_food,all,6,8176573,0.07,61,NA,falling,NA,NA,NA,NA,NA,TRUE
cases,2013-M07,month,CHFL,CHFL,all,agegroup_food,all,13,8176573,0.16,74,NA,stagnant,NA,NA,NA,NA,NA,TRUE
cases,2013-M08,month,CHFL,CHFL,all,agegroup_food,all,23,8176573,0.28,97,NA,rising,NA,NA,NA,NA,NA,TRUE
cases,2013-M09,month,CHFL,CHFL,all,agegroup_food,all,14,8176573,0.17,111,NA,rising,NA,NA,NA,NA,NA,TRUE
cases,2013-M10,month,CHFL,CHFL,all,agegroup_food,all,6,8176573,0.07,117,NA,stagnant,NA,NA,NA,NA,NA,TRUE
cases,2013-M11,month,CHFL,CHFL,all,agegroup_food,all,17,8176573,0.21,134,NA,stagnant,NA,NA,NA,NA,NA,TRUE
cases,2013-M12,month,CHFL,CHFL,all,agegroup_food,all,13,8176573,0.16,147,NA,stagnant,NA,NA,NA,NA,NA,TRUE
cases,2014-M01,month,CHFL,CHFL,all,agegroup_food,all,15,8274608,0.18,15,NA,stagnant,NA,NA,NA,NA,NA,TRUE
cases,2014-M02,month,CHFL,CHFL,all,agegroup_food,all,11,8274608,0.13,26,NA,stagnant,NA,NA,NA,NA,NA,TRUE
cases,2014-M03,month,CHFL,CHFL,all,agegroup_food,all,4,8274608,0.05,30,NA,falling,NA,NA,NA,NA,NA,TRUE
cases,2014-M04,month,CHFL,CHFL,all,agegroup_food,all,11,8274608,0.13,41,NA,stagnant,NA,NA,NA,NA,NA,TRUE
cases,2014-M05,month,CHFL,CHFL,all,agegroup_food,all,7,8274608,0.08,48,NA,stagnant,NA,NA,NA,NA,NA,TRUE
cases,2014-M06,month,CHFL,CHFL,all,agegroup_food,all,13,8274608,0.16,61,NA,stagnant,NA,NA,NA,NA,NA,TRUE
cases,2014-M07,month,CHFL,CHFL,all,agegroup_food,all,12,8274608,0.15,73,NA,stagnant,NA,NA,NA,NA,NA,TRUE
cases,2014-M08,month,CHFL,CHFL,all,agegroup_food,all,13,8274608,0.16,86,NA,stagnant,NA,NA,NA,NA,NA,TRUE
cases,2014-M09,month,CHFL,CHFL,all,agegroup_food,all,16,8274608,0.19,102,NA,stagnant,NA,NA,NA,NA,NA,TRUE
cases,2014-M10,month,CHFL,CHFL,all,agegroup_food,all,14,8274608,0.17,116,NA,stagnant,NA,NA,NA,NA,NA,TRUE
cases,2014-M11,month,CHFL,CHFL,all,agegroup_food,all,16,8274608,0.19,132,NA,stagnant,NA,NA,NA,NA,NA,TRUE
cases,2014-M12,month,CHFL,CHFL,all,agegroup_food,all,12,8274608,0.15,144,NA,stagnant,NA,NA,NA,NA,NA,TRUE
cases,2015-M01,month,CHFL,CHFL,all,agegroup_food,all,7,8362816,0.08,7,NA,stagnant,NA,NA,NA,NA,NA,TRUE
cases,2015-M02,month,CHFL,CHFL,all,agegroup_food,all,12,8362816,0.14,19,NA,stagnant,NA,NA,NA,NA,NA,TRUE
cases,2015-M03,month,CHFL,CHFL,all,agegroup_food,all,11,8362816,0.13,30,NA,stagnant,NA,NA,NA,NA,NA,TRUE
cases,2015-M04,month,CHFL,CHFL,all,agegroup_food,all,9,8362816,0.11,39,NA,stagnant,NA,NA,NA,NA,NA,TRUE
cases,2015-M05,month,CHFL,CHFL,all,agegroup_food,all,4,8362816,0.05,43,NA,stagnant,NA,NA,NA,NA,NA,TRUE
cases,2015-M06,month,CHFL,CHFL,all,agegroup_food,all,11,8362816,0.13,54,NA,stagnant,NA,NA,NA,NA,NA,TRUE
cases,2015-M07,month,CHFL,CHFL,all,agegroup_food,all,20,8362816,0.24,74,NA,rising,NA,NA,NA,NA,NA,TRUE
cases,2015-M08,month,CHFL,CHFL,all,agegroup_food,all,29,8362816,0.35,103,NA,rising,NA,NA,NA,NA,NA,TRUE
cases,2015-M09,month,CHFL,CHFL,all,agegroup_food,all,13,8362816,0.16,116,NA,stagnant,NA,NA,NA,NA,NA,TRUE
cases,2015-M10,month,CHFL,CHFL,all,agegroup_food,all,23,8362816,0.28,139,NA,stagnant,NA,NA,NA,NA,NA,TRUE
cases,2015-M11,month,CHFL,CHFL,all,agegroup_food,all,24,8362816,0.29,163,NA,stagnant,NA,NA,NA,NA,NA,TRUE
cases,2015-M12,month,CHFL,CHFL,all,agegroup_food,all,16,8362816,0.19,179,NA,stagnant,NA,NA,NA,NA,NA,TRUE
cases,2016-M01,month,CHFL,CHFL,all,agegroup_food,all,32,8457360,0.38,32,NA,stagnant,NA,NA,NA,NA,NA,TRUE
cases,2016-M02,month,CHFL,CHFL,all,agegroup_food,all,17,8457360,0.2,49,NA,stagnant,NA,NA,NA,NA,NA,TRUE
cases,2016-M03,month,CHFL,CHFL,all,agegroup_food,all,11,8457360,0.13,60,NA,stagnant,NA,NA,NA,NA,NA,TRUE
cases,2016-M04,month,CHFL,CHFL,all,agegroup_food,all,11,8457360,0.13,71,NA,falling,NA,NA,NA,NA,NA,TRUE
cases,2016-M05,month,CHFL,CHFL,all,agegroup_food,all,8,8457360,0.09,79,NA,stagnant,NA,NA,NA,NA,NA,TRUE
cases,2016-M06,month,CHFL,CHFL,all,agegroup_food,all,11,8457360,0.13,90,NA,stagnant,NA,NA,NA,NA,NA,TRUE
cases,2016-M07,month,CHFL,CHFL,all,agegroup_food,all,11,8457360,0.13,101,NA,stagnant,NA,NA,NA,NA,NA,TRUE
cases,2016-M08,month,CHFL,CHFL,all,agegroup_food,all,20,8457360,0.24,121,NA,rising,NA,NA,NA,NA,NA,TRUE
cases,2016-M09,month,CHFL,CHFL,all,agegroup_food,all,12,8457360,0.14,133,NA,stagnant,NA,NA,NA,NA,NA,TRUE
cases,2016-M10,month,CHFL,CHFL,all,agegroup_food,all,17,8457360,0.2,150,NA,stagnant,NA,NA,NA,NA,NA,TRUE
cases,2016-M11,month,CHFL,CHFL,all,agegroup_food,all,23,8457360,0.27,173,NA,stagnant,NA,NA,NA,NA,NA,TRUE
cases,2016-M12,month,CHFL,CHFL,all,agegroup_food,all,5,8457360,0.06,178,NA,stagnant,NA,NA,NA,NA,NA,TRUE
cases,2017-M01,month,CHFL,CHFL,all,agegroup_food,all,11,8522244,0.13,11,NA,falling,NA,NA,NA,NA,NA,TRUE
cases,2017-M02,month,CHFL,CHFL,all,agegroup_food,all,12,8522244,0.14,23,NA,stagnant,NA,NA,NA,NA,NA,TRUE
cases,2017-M03,month,CHFL,CHFL,all,agegroup_food,all,9,8522244,0.11,32,NA,stagnant,NA,NA,NA,NA,NA,TRUE
cases,2017-M04,month,CHFL,CHFL,all,agegroup_food,all,11,8522244,0.13,43,NA,stagnant,NA,NA,NA,NA,NA,TRUE
cases,2017-M05,month,CHFL,CHFL,all,agegroup_food,all,15,8522244,0.18,58,NA,stagnant,NA,NA,NA,NA,NA,TRUE
cases,2017-M06,month,CHFL,CHFL,all,agegroup_food,all,9,8522244,0.11,67,NA,stagnant,NA,NA,NA,NA,NA,TRUE
cases,2017-M07,month,CHFL,CHFL,all,agegroup_food,all,11,8522244,0.13,78,NA,stagnant,NA,NA,NA,NA,NA,TRUE
cases,2017-M08,month,CHFL,CHFL,all,agegroup_food,all,11,8522244,0.13,89,NA,stagnant,NA,NA,NA,NA,NA,TRUE
cases,2017-M09,month,CHFL,CHFL,all,agegroup_food,all,14,8522244,0.16,103,NA,stagnant,NA,NA,NA,NA,NA,TRUE
cases,2017-M10,month,CHFL,CHFL,all,agegroup_food,all,19,8522244,0.22,122,NA,stagnant,NA,NA,NA,NA,NA,TRUE
cases,2017-M11,month,CHFL,CHFL,all,agegroup_food,all,15,8522244,0.18,137,NA,stagnant,NA,NA,NA,NA,NA,TRUE
cases,2017-M12,month,CHFL,CHFL,all,agegroup_food,all,8,8522244,0.09,145,NA,stagnant,NA,NA,NA,NA,NA,TRUE
cases,2018-M01,month,CHFL,CHFL,all,agegroup_food,all,12,8582905,0.14,12,NA,stagnant,NA,NA,NA,NA,NA,TRUE
cases,2018-M02,month,CHFL,CHFL,all,agegroup_food,all,9,8582905,0.1,21,NA,stagnant,NA,NA,NA,NA,NA,TRUE
cases,2018-M03,month,CHFL,CHFL,all,agegroup_food,all,18,8582905,0.21,39,NA,stagnant,NA,NA,NA,NA,NA,TRUE
cases,2018-M04,month,CHFL,CHFL,all,agegroup_food,all,15,8582905,0.17,54,NA,stagnant,NA,NA,NA,NA,NA,TRUE
cases,2018-M05,month,CHFL,CHFL,all,agegroup_food,all,13,8582905,0.15,67,NA,stagnant,NA,NA,NA,NA,NA,TRUE
cases,2018-M06,month,CHFL,CHFL,all,agegroup_food,all,24,8582905,0.28,91,NA,stagnant,NA,NA,NA,NA,NA,TRUE
cases,2018-M07,month,CHFL,CHFL,all,agegroup_food,all,22,8582905,0.26,113,NA,stagnant,NA,NA,NA,NA,NA,TRUE
cases,2018-M08,month,CHFL,CHFL,all,agegroup_food,all,39,8582905,0.45,152,NA,rising,NA,NA,NA,NA,NA,TRUE
cases,2018-M09,month,CHFL,CHFL,all,agegroup_food,all,21,8582905,0.24,173,NA,stagnant,NA,NA,NA,NA,NA,TRUE
cases,2018-M10,month,CHFL,CHFL,all,agegroup_food,all,37,8582905,0.43,210,NA,stagnant,NA,NA,NA,NA,NA,TRUE
cases,2018-M11,month,CHFL,CHFL,all,agegroup_food,all,22,8582905,0.26,232,NA,stagnant,NA,NA,NA,NA,NA,TRUE
cases,2018-M12,month,CHFL,CHFL,all,agegroup_food,all,16,8582905,0.19,248,NA,stagnant,NA,NA,NA,NA,NA,TRUE
cases,2019-M01,month,CHFL,CHFL,all,agegroup_food,all,21,8644780,0.24,21,NA,falling,NA,NA,NA,NA,NA,TRUE
cases,2019-M02,month,CHFL,CHFL,all,agegroup_food,all,14,8644780,0.16,35,NA,stagnant,NA,NA,NA,NA,NA,TRUE
cases,2019-M03,month,CHFL,CHFL,all,agegroup_food,all,21,8644780,0.24,56,NA,stagnant,NA,NA,NA,NA,NA,TRUE
cases,2019-M04,month,CHFL,CHFL,all,agegroup_food,all,9,8644780,0.1,65,NA,stagnant,NA,NA,NA,NA,NA,TRUE
cases,2019-M05,month,CHFL,CHFL,all,agegroup_food,all,9,8644780,0.1,74,NA,stagnant,NA,NA,NA,NA,NA,TRUE
cases,2019-M06,month,CHFL,CHFL,all,agegroup_food,all,10,8644780,0.12,84,NA,falling,NA,NA,NA,NA,NA,TRUE
cases,2019-M07,month,CHFL,CHFL,all,agegroup_food,all,13,8644780,0.15,97,NA,stagnant,NA,NA,NA,NA,NA,TRUE
cases,2019-M08,month,CHFL,CHFL,all,agegroup_food,all,20,8644780,0.23,117,NA,rising,NA,NA,NA,NA,NA,TRUE
cases,2019-M09,month,CHFL,CHFL,all,agegroup_food,all,22,8644780,0.25,139,NA,rising,NA,NA,NA,NA,NA,TRUE
cases,2019-M10,month,CHFL,CHFL,all,agegroup_food,all,36,8644780,0.42,175,NA,rising,NA,NA,NA,NA,NA,TRUE
cases,2019-M11,month,CHFL,CHFL,all,agegroup_food,all,27,8644780,0.31,202,NA,stagnant,NA,NA,NA,NA,NA,TRUE
cases,2019-M12,month,CHFL,CHFL,all,agegroup_food,all,12,8644780,0.14,214,NA,stagnant,NA,NA,NA,NA,NA,TRUE
cases,2020-M01,month,CHFL,CHFL,all,agegroup_food,all,14,8709355,0.16,14,NA,falling,NA,NA,NA,NA,NA,TRUE
cases,2020-M02,month,CHFL,CHFL,all,agegroup_food,all,10,8709355,0.11,24,NA,falling,NA,NA,NA,NA,NA,TRUE
cases,2020-M03,month,CHFL,CHFL,all,agegroup_food,all,10,8709355,0.11,34,NA,stagnant,NA,NA,NA,NA,NA,TRUE
cases,2020-M04,month,CHFL,CHFL,all,agegroup_food,all,3,8709355,0.03,37,NA,falling,NA,NA,NA,NA,NA,TRUE
cases,2020-M05,month,CHFL,CHFL,all,agegroup_food,all,4,8709355,0.05,41,NA,falling,NA,NA,NA,NA,NA,TRUE
cases,2020-M06,month,CHFL,CHFL,all,agegroup_food,all,3,8709355,0.03,44,NA,falling,NA,NA,NA,NA,NA,TRUE
cases,2020-M07,month,CHFL,CHFL,all,agegroup_food,all,4,8709355,0.05,48,NA,stagnant,NA,NA,NA,NA,NA,TRUE
cases,2020-M08,month,CHFL,CHFL,all,agegroup_food,all,0,8709355,0,48,NA,stagnant,NA,NA,NA,NA,NA,TRUE
cases,2020-M09,month,CHFL,CHFL,all,agegroup_food,all,1,8709355,0.01,49,NA,stagnant,NA,NA,NA,NA,NA,TRUE
cases,2020-M10,month,CHFL,CHFL,all,agegroup_food,all,2,8709355,0.02,51,NA,stagnant,NA,NA,NA,NA,NA,TRUE
cases,2020-M11,month,CHFL,CHFL,all,agegroup_food,all,2,8709355,0.02,53,NA,stagnant,NA,NA,NA,NA,NA,TRUE
cases,2020-M12,month,CHFL,CHFL,all,agegroup_food,all,5,8709355,0.06,58,NA,stagnant,NA,NA,NA,NA,NA,TRUE
cases,2021-M01,month,CHFL,CHFL,all,agegroup_food,all,4,8778099,0.05,4,NA,stagnant,NA,NA,NA,NA,NA,TRUE
cases,2021-M02,month,CHFL,CHFL,all,agegroup_food,all,2,8778099,0.02,6,NA,stagnant,NA,NA,NA,NA,NA,TRUE
cases,2021-M03,month,CHFL,CHFL,all,agegroup_food,all,1,8778099,0.01,7,NA,stagnant,NA,NA,NA,NA,NA,TRUE
cases,2021-M04,month,CHFL,CHFL,all,agegroup_food,all,3,8778099,0.03,10,NA,stagnant,NA,NA,NA,NA,NA,TRUE
cases,2021-M05,month,CHFL,CHFL,all,agegroup_food,all,6,8778099,0.07,16,NA,stagnant,NA,NA,NA,NA,NA,TRUE
cases,2021-M06,month,CHFL,CHFL,all,agegroup_food,all,5,8778099,0.06,21,NA,stagnant,NA,NA,NA,NA,NA,TRUE
cases,2021-M07,month,CHFL,CHFL,all,agegroup_food,all,10,8778099,0.11,31,NA,stagnant,NA,NA,NA,NA,NA,TRUE
cases,2021-M08,month,CHFL,CHFL,all,agegroup_food,all,16,8778099,0.18,47,NA,rising,NA,NA,NA,NA,NA,TRUE
cases,2021-M09,month,CHFL,CHFL,all,agegroup_food,all,16,8778099,0.18,63,NA,rising,NA,NA,NA,NA,NA,TRUE
cases,2021-M10,month,CHFL,CHFL,all,agegroup_food,all,20,8778099,0.23,83,NA,stagnant,NA,NA,NA,NA,NA,TRUE
cases,2021-M11,month,CHFL,CHFL,all,agegroup_food,all,9,8778099,0.1,92,NA,stagnant,NA,NA,NA,NA,NA,TRUE
cases,2021-M12,month,CHFL,CHFL,all,agegroup_food,all,7,8778099,0.08,99,NA,falling,NA,NA,NA,NA,NA,TRUE
cases,2022-M01,month,CHFL,CHFL,all,agegroup_food,all,8,8855062,0.09,8,NA,falling,NA,NA,NA,NA,NA,TRUE
cases,2022-M02,month,CHFL,CHFL,all,agegroup_food,all,12,8855062,0.14,20,NA,stagnant,NA,NA,NA,NA,NA,TRUE
cases,2022-M03,month,CHFL,CHFL,all,agegroup_food,all,13,8855062,0.15,33,NA,stagnant,NA,NA,NA,NA,NA,TRUE
cases,2022-M04,month,CHFL,CHFL,all,agegroup_food,all,10,8855062,0.11,43,NA,stagnant,NA,NA,NA,NA,NA,TRUE
cases,2022-M05,month,CHFL,CHFL,all,agegroup_food,all,15,8855062,0.17,58,NA,stagnant,NA,NA,NA,NA,NA,TRUE
cases,2022-M06,month,CHFL,CHFL,all,agegroup_food,all,14,8855062,0.16,72,NA,stagnant,NA,NA,NA,NA,NA,TRUE
cases,2022-M07,month,CHFL,CHFL,all,agegroup_food,all,11,8855062,0.12,83,NA,stagnant,NA,NA,NA,NA,NA,TRUE
cases,2022-M08,month,CHFL,CHFL,all,agegroup_food,all,23,8855062,0.26,106,NA,stagnant,NA,NA,NA,NA,NA,TRUE
cases,2022-M09,month,CHFL,CHFL,all,agegroup_food,all,17,8855062,0.19,123,NA,stagnant,NA,NA,NA,NA,NA,TRUE
cases,2022-M10,month,CHFL,CHFL,all,agegroup_food,all,27,8855062,0.3,150,NA,rising,NA,NA,NA,NA,NA,TRUE
cases,2022-M11,month,CHFL,CHFL,all,agegroup_food,all,27,8855062,0.3,177,NA,stagnant,NA,NA,NA,NA,NA,TRUE
cases,2022-M12,month,CHFL,CHFL,all,agegroup_food,all,15,8855062,0.17,192,NA,stagnant,NA,NA,NA,NA,NA,TRUE
cases,2023-M01,month,CHFL,CHFL,all,agegroup_food,all,18,9002273,0.2,18,NA,stagnant,NA,NA,NA,NA,NA,TRUE
cases,2023-M02,month,CHFL,CHFL,all,agegroup_food,all,11,9002273,0.12,29,NA,falling,NA,NA,NA,NA,NA,TRUE
cases,2023-M03,month,CHFL,CHFL,all,agegroup_food,all,12,9002273,0.13,41,NA,stagnant,NA,NA,NA,NA,NA,TRUE
cases,2023-M04,month,CHFL,CHFL,all,agegroup_food,all,12,9002273,0.13,53,NA,stagnant,NA,NA,NA,NA,NA,TRUE
cases,2023-M05,month,CHFL,CHFL,all,agegroup_food,all,17,9002273,0.19,70,NA,stagnant,NA,NA,NA,NA,NA,TRUE
cases,2023-M06,month,CHFL,CHFL,all,agegroup_food,all,10,9002273,0.11,80,NA,stagnant,NA,NA,NA,NA,NA,TRUE
cases,2023-M07,month,CHFL,CHFL,all,agegroup_food,all,10,9002273,0.11,90,NA,stagnant,NA,NA,NA,NA,NA,TRUE
cases,2023-M08,month,CHFL,CHFL,all,agegroup_food,all,19,9002273,0.21,109,NA,stagnant,NA,NA,NA,NA,NA,TRUE
cases,2023-M09,month,CHFL,CHFL,all,agegroup_food,all,12,9002273,0.13,121,NA,stagnant,NA,NA,NA,NA,NA,TRUE
cases,2023-M10,month,CHFL,CHFL,all,agegroup_food,all,24,9002273,0.27,145,NA,stagnant,NA,NA,NA,NA,NA,TRUE
cases,2023-M11,month,CHFL,CHFL,all,agegroup_food,all,27,9002273,0.3,172,NA,stagnant,NA,NA,NA,NA,NA,TRUE
cases,2023-M12,month,CHFL,CHFL,all,agegroup_food,all,17,9002273,0.19,189,NA,stagnant,NA,NA,NA,NA,NA,TRUE
cases,2024-M01,month,CHFL,CHFL,all,agegroup_food,all,16,9091915,0.18,16,NA,stagnant,NA,NA,NA,NA,NA,TRUE
cases,2024-M02,month,CHFL,CHFL,all,agegroup_food,all,17,9091915,0.19,33,NA,stagnant,NA,NA,NA,NA,NA,TRUE
cases,2024-M03,month,CHFL,CHFL,all,agegroup_food,all,13,9091915,0.14,46,NA,stagnant,NA,NA,NA,NA,NA,TRUE
cases,2024-M04,month,CHFL,CHFL,all,agegroup_food,all,15,9091915,0.16,61,NA,stagnant,NA,NA,NA,NA,NA,TRUE
cases,2024-M05,month,CHFL,CHFL,all,agegroup_food,all,16,9091915,0.18,77,NA,stagnant,NA,NA,NA,NA,NA,TRUE
cases,2024-M06,month,CHFL,CHFL,all,agegroup_food,all,14,9091915,0.15,91,NA,stagnant,NA,NA,NA,NA,NA,TRUE
cases,2024-M07,month,CHFL,CHFL,all,agegroup_food,all,13,9091915,0.14,104,NA,stagnant,NA,NA,NA,NA,NA,TRUE
cases,2024-M08,month,CHFL,CHFL,all,agegroup_food,all,20,9091915,0.22,124,NA,stagnant,NA,NA,NA,NA,NA,TRUE
cases,2024-M09,month,CHFL,CHFL,all,agegroup_food,all,19,9091915,0.21,143,NA,stagnant,NA,NA,NA,NA,NA,TRUE
cases,2024-M10,month,CHFL,CHFL,all,agegroup_food,all,17,9091915,0.19,160,NA,stagnant,NA,NA,NA,NA,NA,TRUE
cases,2024-M11,month,CHFL,CHFL,all,agegroup_food,all,25,9091915,0.27,185,NA,stagnant,NA,NA,NA,NA,NA,TRUE
cases,2024-M12,month,CHFL,CHFL,all,agegroup_food,all,17,9091915,0.19,202,NA,stagnant,NA,NA,NA,NA,NA,TRUE
cases,2025-M01,month,CHFL,CHFL,all,agegroup_food,all,24,9091915,0.26,24,NA,stagnant,NA,NA,NA,NA,NA,TRUE
cases,2025-M02,month,CHFL,CHFL,all,agegroup_food,all,11,9091915,0.12,35,NA,stagnant,NA,NA,NA,NA,NA,TRUE
cases,2025-M03,month,CHFL,CHFL,all,agegroup_food,all,10,9091915,0.11,45,NA,stagnant,NA,NA,NA,NA,NA,TRUE
cases,2025-M04,month,CHFL,CHFL,all,agegroup_food,all,11,9091915,0.12,56,NA,falling,NA,NA,NA,NA,NA,TRUE
cases,2025-M05,month,CHFL,CHFL,all,agegroup_food,all,27,9091915,0.3,83,NA,rising,NA,NA,NA,NA,NA,TRUE
cases,2025-M06,month,CHFL,CHFL,all,agegroup_food,all,20,9091915,0.22,103,NA,rising,NA,NA,NA,NA,NA,TRUE
cases,2025-M07,month,CHFL,CHFL,all,agegroup_food,all,20,9091915,0.22,123,NA,stagnant,NA,NA,NA,NA,NA,TRUE
cases,2025-M08,month,CHFL,CHFL,all,agegroup_food,all,19,9091915,0.21,142,NA,stagnant,NA,NA,NA,NA,NA,TRUE
cases,2025-M09,month,CHFL,CHFL,all,agegroup_food,all,25,9091915,0.27,167,NA,stagnant,NA,NA,NA,NA,NA,TRUE
cases,2025-M10,month,CHFL,CHFL,all,agegroup_food,all,25,9091915,0.27,192,NA,stagnant,NA,NA,NA,NA,NA,TRUE
cases,2025-M11,month,CHFL,CHFL,all,agegroup_food,all,26,9091915,0.29,218,NA,stagnant,NA,NA,NA,NA,NA,TRUE
cases,2025-M12,month,CHFL,CHFL,all,agegroup_food,all,14,9091915,0.15,232,NA,stagnant,NA,NA,NA,NA,NA,TRUE
cases,2026-M01,month,CHFL,CHFL,all,agegroup_food,all,19,9091674,0.21,19,NA,stagnant,NA,NA,NA,NA,NA,TRUE
cases,2026-M02,month,CHFL,CHFL,all,agegroup_food,all,15,9091674,0.16,34,NA,stagnant,NA,NA,NA,NA,NA,TRUE
cases,2026-M03,month,CHFL,CHFL,all,agegroup_food,all,19,9091674,0.21,53,NA,stagnant,NA,NA,NA,NA,NA,TRUE
cases,2026-M04,month,CHFL,CHFL,all,agegroup_food,all,17,9091674,0.19,70,NA,stagnant,NA,NA,NA,NA,NA,TRUE
cases,2026-M05,month,CHFL,CHFL,all,agegroup_food,all,18,9091674,0.2,88,NA,stagnant,NA,NA,NA,NA,NA,TRUE
cases,2026-M06,month,CHFL,CHFL,all,agegroup_food,all,23,9091674,0.25,111,NA,stagnant,NA,NA,NA,NA,NA,TRUE
cases,2026-M07,month,CHFL,CHFL,all,agegroup_food,all,23,9091674,0.25,134,NA,stagnant,NA,NA,NA,NA,NA,TRUE
cases,2026-M08,month,CHFL,CHFL,all,agegroup_food,all,27,9091674,0.3,161,NA,stagnant,NA,NA,NA,NA,NA,TRUE
min_value_10y,2022-M01,month,CHFL,CHFL,all,agegroup_food,all,4,NA,0.05,4,NA,NA,NA,NA,NA,NA,NA,TRUE
min_value_10y,2022-M02,month,CHFL,CHFL,all,agegroup_food,all,2,NA,0.02,6,NA,NA,NA,NA,NA,NA,NA,TRUE
min_value_10y,2022-M03,month,CHFL,CHFL,all,agegroup_food,all,1,NA,0.01,7,NA,NA,NA,NA,NA,NA,NA,TRUE
min_value_10y,2022-M04,month,CHFL,CHFL,all,agegroup_food,all,3,NA,0.03,10,NA,NA,NA,NA,NA,NA,NA,TRUE
min_value_10y,2022-M05,month,CHFL,CHFL,all,agegroup_food,all,4,NA,0.05,16,NA,NA,NA,NA,NA,NA,NA,TRUE
min_value_10y,2022-M06,month,CHFL,CHFL,all,agegroup_food,all,3,NA,0.03,21,NA,NA,NA,NA,NA,NA,NA,TRUE
min_value_10y,2022-M07,month,CHFL,CHFL,all,agegroup_food,all,4,NA,0.05,31,NA,NA,NA,NA,NA,NA,NA,TRUE
min_value_10y,2022-M08,month,CHFL,CHFL,all,agegroup_food,all,0,NA,0,47,NA,NA,NA,NA,NA,NA,NA,TRUE
min_value_10y,2022-M09,month,CHFL,CHFL,all,agegroup_food,all,1,NA,0.01,49,NA,NA,NA,NA,NA,NA,NA,TRUE
min_value_10y,2022-M10,month,CHFL,CHFL,all,agegroup_food,all,2,NA,0.02,51,NA,NA,NA,NA,NA,NA,NA,TRUE
min_value_10y,2022-M11,month,CHFL,CHFL,all,agegroup_food,all,2,NA,0.02,53,NA,NA,NA,NA,NA,NA,NA,TRUE
min_value_10y,2022-M12,month,CHFL,CHFL,all,agegroup_food,all,5,NA,0.06,58,NA,NA,NA,NA,NA,NA,NA,TRUE
min_value_10y,2023-M01,month,CHFL,CHFL,all,agegroup_food,all,4,NA,0.05,4,NA,NA,NA,NA,NA,NA,NA,TRUE
min_value_10y,2023-M02,month,CHFL,CHFL,all,agegroup_food,all,2,NA,0.02,6,NA,NA,NA,NA,NA,NA,NA,TRUE
min_value_10y,2023-M03,month,CHFL,CHFL,all,agegroup_food,all,1,NA,0.01,7,NA,NA,NA,NA,NA,NA,NA,TRUE
min_value_10y,2023-M04,month,CHFL,CHFL,all,agegroup_food,all,3,NA,0.03,10,NA,NA,NA,NA,NA,NA,NA,TRUE
min_value_10y,2023-M05,month,CHFL,CHFL,all,agegroup_food,all,4,NA,0.05,16,NA,NA,NA,NA,NA,NA,NA,TRUE
min_value_10y,2023-M06,month,CHFL,CHFL,all,agegroup_food,all,3,NA,0.03,21,NA,NA,NA,NA,NA,NA,NA,TRUE
min_value_10y,2023-M07,month,CHFL,CHFL,all,agegroup_food,all,4,NA,0.05,31,NA,NA,NA,NA,NA,NA,NA,TRUE
min_value_10y,2023-M08,month,CHFL,CHFL,all,agegroup_food,all,0,NA,0,47,NA,NA,NA,NA,NA,NA,NA,TRUE
min_value_10y,2023-M09,month,CHFL,CHFL,all,agegroup_food,all,1,NA,0.01,49,NA,NA,NA,NA,NA,NA,NA,TRUE
min_value_10y,2023-M10,month,CHFL,CHFL,all,agegroup_food,all,2,NA,0.02,51,NA,NA,NA,NA,NA,NA,NA,TRUE
min_value_10y,2023-M11,month,CHFL,CHFL,all,agegroup_food,all,2,NA,0.02,53,NA,NA,NA,NA,NA,NA,NA,TRUE
min_value_10y,2023-M12,month,CHFL,CHFL,all,agegroup_food,all,5,NA,0.06,58,NA,NA,NA,NA,NA,NA,NA,TRUE
min_value_10y,2024-M01,month,CHFL,CHFL,all,agegroup_food,all,4,NA,0.05,4,NA,NA,NA,NA,NA,NA,NA,TRUE
min_value_10y,2024-M02,month,CHFL,CHFL,all,agegroup_food,all,2,NA,0.02,6,NA,NA,NA,NA,NA,NA,NA,TRUE
min_value_10y,2024-M03,month,CHFL,CHFL,all,agegroup_food,all,1,NA,0.01,7,NA,NA,NA,NA,NA,NA,NA,TRUE
min_value_10y,2024-M04,month,CHFL,CHFL,all,agegroup_food,all,3,NA,0.03,10,NA,NA,NA,NA,NA,NA,NA,TRUE
min_value_10y,2024-M05,month,CHFL,CHFL,all,agegroup_food,all,4,NA,0.05,16,NA,NA,NA,NA,NA,NA,NA,TRUE
min_value_10y,2024-M06,month,CHFL,CHFL,all,agegroup_food,all,3,NA,0.03,21,NA,NA,NA,NA,NA,NA,NA,TRUE
min_value_10y,2024-M07,month,CHFL,CHFL,all,agegroup_food,all,4,NA,0.05,31,NA,NA,NA,NA,NA,NA,NA,TRUE
min_value_10y,2024-M08,month,CHFL,CHFL,all,agegroup_food,all,0,NA,0,47,NA,NA,NA,NA,NA,NA,NA,TRUE
min_value_10y,2024-M09,month,CHFL,CHFL,all,agegroup_food,all,1,NA,0.01,49,NA,NA,NA,NA,NA,NA,NA,TRUE
min_value_10y,2024-M10,month,CHFL,CHFL,all,agegroup_food,all,2,NA,0.02,51,NA,NA,NA,NA,NA,NA,NA,TRUE
min_value_10y,2024-M11,month,CHFL,CHFL,all,agegroup_food,all,2,NA,0.02,53,NA,NA,NA,NA,NA,NA,NA,TRUE
min_value_10y,2024-M12,month,CHFL,CHFL,all,agegroup_food,all,5,NA,0.06,58,NA,NA,NA,NA,NA,NA,NA,TRUE
min_value_10y,2025-M01,month,CHFL,CHFL,all,agegroup_food,all,4,NA,0.05,4,NA,NA,NA,NA,NA,NA,NA,TRUE
min_value_10y,2025-M02,month,CHFL,CHFL,all,agegroup_food,all,2,NA,0.02,6,NA,NA,NA,NA,NA,NA,NA,TRUE
min_value_10y,2025-M03,month,CHFL,CHFL,all,agegroup_food,all,1,NA,0.01,7,NA,NA,NA,NA,NA,NA,NA,TRUE
min_value_10y,2025-M04,month,CHFL,CHFL,all,agegroup_food,all,3,NA,0.03,10,NA,NA,NA,NA,NA,NA,NA,TRUE
min_value_10y,2025-M05,month,CHFL,CHFL,all,agegroup_food,all,4,NA,0.05,16,NA,NA,NA,NA,NA,NA,NA,TRUE
min_value_10y,2025-M06,month,CHFL,CHFL,all,agegroup_food,all,3,NA,0.03,21,NA,NA,NA,NA,NA,NA,NA,TRUE
min_value_10y,2025-M07,month,CHFL,CHFL,all,agegroup_food,all,4,NA,0.05,31,NA,NA,NA,NA,NA,NA,NA,TRUE
min_value_10y,2025-M08,month,CHFL,CHFL,all,agegroup_food,all,0,NA,0,47,NA,NA,NA,NA,NA,NA,NA,TRUE
min_value_10y,2025-M09,month,CHFL,CHFL,all,agegroup_food,all,1,NA,0.01,49,NA,NA,NA,NA,NA,NA,NA,TRUE
min_value_10y,2025-M10,month,CHFL,CHFL,all,agegroup_food,all,2,NA,0.02,51,NA,NA,NA,NA,NA,NA,NA,TRUE
min_value_10y,2025-M11,month,CHFL,CHFL,all,agegroup_food,all,2,NA,0.02,53,NA,NA,NA,NA,NA,NA,NA,TRUE
min_value_10y,2025-M12,month,CHFL,CHFL,all,agegroup_food,all,5,NA,0.06,58,NA,NA,NA,NA,NA,NA,NA,TRUE
min_value_10y,2026-M01,month,CHFL,CHFL,all,agegroup_food,all,4,NA,0.05,4,NA,NA,NA,NA,NA,NA,NA,TRUE
min_value_10y,2026-M02,month,CHFL,CHFL,all,agegroup_food,all,2,NA,0.02,6,NA,NA,NA,NA,NA,NA,NA,TRUE
min_value_10y,2026-M03,month,CHFL,CHFL,all,agegroup_food,all,1,NA,0.01,7,NA,NA,NA,NA,NA,NA,NA,TRUE
min_value_10y,2026-M04,month,CHFL,CHFL,all,agegroup_food,all,3,NA,0.03,10,NA,NA,NA,NA,NA,NA,NA,TRUE
min_value_10y,2026-M05,month,CHFL,CHFL,all,agegroup_food,all,4,NA,0.05,16,NA,NA,NA,NA,NA,NA,NA,TRUE
min_value_10y,2026-M06,month,CHFL,CHFL,all,agegroup_food,all,3,NA,0.03,21,NA,NA,NA,NA,NA,NA,NA,TRUE
min_value_10y,2026-M07,month,CHFL,CHFL,all,agegroup_food,all,4,NA,0.05,31,NA,NA,NA,NA,NA,NA,NA,TRUE
min_value_10y,2026-M08,month,CHFL,CHFL,all,agegroup_food,all,0,NA,0,47,NA,NA,NA,NA,NA,NA,NA,TRUE
median_value_10y,2022-M01,month,CHFL,CHFL,all,agegroup_food,all,13,NA,0.15,13,NA,NA,NA,NA,NA,NA,NA,TRUE
median_value_10y,2022-M02,month,CHFL,CHFL,all,agegroup_food,all,12,NA,0.14,24,NA,NA,NA,NA,NA,NA,NA,TRUE
median_value_10y,2022-M03,month,CHFL,CHFL,all,agegroup_food,all,11,NA,0.13,34,NA,NA,NA,NA,NA,NA,NA,TRUE
median_value_10y,2022-M04,month,CHFL,CHFL,all,agegroup_food,all,10,NA,0.12,43,NA,NA,NA,NA,NA,NA,NA,TRUE
median_value_10y,2022-M05,month,CHFL,CHFL,all,agegroup_food,all,8,NA,0.08,56,NA,NA,NA,NA,NA,NA,NA,TRUE
median_value_10y,2022-M06,month,CHFL,CHFL,all,agegroup_food,all,10,NA,0.12,64,NA,NA,NA,NA,NA,NA,NA,TRUE
median_value_10y,2022-M07,month,CHFL,CHFL,all,agegroup_food,all,12,NA,0.14,76,NA,NA,NA,NA,NA,NA,NA,TRUE
median_value_10y,2022-M08,month,CHFL,CHFL,all,agegroup_food,all,20,NA,0.23,100,NA,NA,NA,NA,NA,NA,NA,TRUE
median_value_10y,2022-M09,month,CHFL,CHFL,all,agegroup_food,all,15,NA,0.17,114,NA,NA,NA,NA,NA,NA,NA,TRUE
median_value_10y,2022-M10,month,CHFL,CHFL,all,agegroup_food,all,20,NA,0.22,130,NA,NA,NA,NA,NA,NA,NA,TRUE
median_value_10y,2022-M11,month,CHFL,CHFL,all,agegroup_food,all,20,NA,0.23,150,NA,NA,NA,NA,NA,NA,NA,TRUE
median_value_10y,2022-M12,month,CHFL,CHFL,all,agegroup_food,all,12,NA,0.15,162,NA,NA,NA,NA,NA,NA,NA,TRUE
median_value_10y,2023-M01,month,CHFL,CHFL,all,agegroup_food,all,13,NA,0.15,13,NA,NA,NA,NA,NA,NA,NA,TRUE
median_value_10y,2023-M02,month,CHFL,CHFL,all,agegroup_food,all,12,NA,0.14,24,NA,NA,NA,NA,NA,NA,NA,TRUE
median_value_10y,2023-M03,month,CHFL,CHFL,all,agegroup_food,all,11,NA,0.13,34,NA,NA,NA,NA,NA,NA,NA,TRUE
median_value_10y,2023-M04,month,CHFL,CHFL,all,agegroup_food,all,10,NA,0.12,43,NA,NA,NA,NA,NA,NA,NA,TRUE
median_value_10y,2023-M05,month,CHFL,CHFL,all,agegroup_food,all,8,NA,0.1,58,NA,NA,NA,NA,NA,NA,NA,TRUE
median_value_10y,2023-M06,month,CHFL,CHFL,all,agegroup_food,all,10,NA,0.12,70,NA,NA,NA,NA,NA,NA,NA,TRUE
median_value_10y,2023-M07,month,CHFL,CHFL,all,agegroup_food,all,11,NA,0.13,80,NA,NA,NA,NA,NA,NA,NA,TRUE
median_value_10y,2023-M08,month,CHFL,CHFL,all,agegroup_food,all,20,NA,0.22,104,NA,NA,NA,NA,NA,NA,NA,TRUE
median_value_10y,2023-M09,month,CHFL,CHFL,all,agegroup_food,all,15,NA,0.17,118,NA,NA,NA,NA,NA,NA,NA,TRUE
median_value_10y,2023-M10,month,CHFL,CHFL,all,agegroup_food,all,22,NA,0.25,142,NA,NA,NA,NA,NA,NA,NA,TRUE
median_value_10y,2023-M11,month,CHFL,CHFL,all,agegroup_food,all,22,NA,0.26,168,NA,NA,NA,NA,NA,NA,NA,TRUE
median_value_10y,2023-M12,month,CHFL,CHFL,all,agegroup_food,all,12,NA,0.15,178,NA,NA,NA,NA,NA,NA,NA,TRUE
median_value_10y,2024-M01,month,CHFL,CHFL,all,agegroup_food,all,13,NA,0.15,13,NA,NA,NA,NA,NA,NA,NA,TRUE
median_value_10y,2024-M02,month,CHFL,CHFL,all,agegroup_food,all,12,NA,0.14,24,NA,NA,NA,NA,NA,NA,NA,TRUE
median_value_10y,2024-M03,month,CHFL,CHFL,all,agegroup_food,all,12,NA,0.13,36,NA,NA,NA,NA,NA,NA,NA,TRUE
median_value_10y,2024-M04,month,CHFL,CHFL,all,agegroup_food,all,10,NA,0.12,48,NA,NA,NA,NA,NA,NA,NA,TRUE
median_value_10y,2024-M05,month,CHFL,CHFL,all,agegroup_food,all,11,NA,0.12,62,NA,NA,NA,NA,NA,NA,NA,TRUE
median_value_10y,2024-M06,month,CHFL,CHFL,all,agegroup_food,all,10,NA,0.12,76,NA,NA,NA,NA,NA,NA,NA,TRUE
median_value_10y,2024-M07,month,CHFL,CHFL,all,agegroup_food,all,11,NA,0.13,86,NA,NA,NA,NA,NA,NA,NA,TRUE
median_value_10y,2024-M08,month,CHFL,CHFL,all,agegroup_food,all,20,NA,0.22,108,NA,NA,NA,NA,NA,NA,NA,TRUE
median_value_10y,2024-M09,month,CHFL,CHFL,all,agegroup_food,all,15,NA,0.17,122,NA,NA,NA,NA,NA,NA,NA,TRUE
median_value_10y,2024-M10,month,CHFL,CHFL,all,agegroup_food,all,22,NA,0.25,148,NA,NA,NA,NA,NA,NA,NA,TRUE
median_value_10y,2024-M11,month,CHFL,CHFL,all,agegroup_food,all,24,NA,0.27,172,NA,NA,NA,NA,NA,NA,NA,TRUE
median_value_10y,2024-M12,month,CHFL,CHFL,all,agegroup_food,all,14,NA,0.16,184,NA,NA,NA,NA,NA,NA,NA,TRUE
median_value_10y,2025-M01,month,CHFL,CHFL,all,agegroup_food,all,15,NA,0.17,15,NA,NA,NA,NA,NA,NA,NA,TRUE
median_value_10y,2025-M02,month,CHFL,CHFL,all,agegroup_food,all,12,NA,0.13,26,NA,NA,NA,NA,NA,NA,NA,TRUE
median_value_10y,2025-M03,month,CHFL,CHFL,all,agegroup_food,all,12,NA,0.13,40,NA,NA,NA,NA,NA,NA,NA,TRUE
median_value_10y,2025-M04,month,CHFL,CHFL,all,agegroup_food,all,11,NA,0.12,54,NA,NA,NA,NA,NA,NA,NA,TRUE
median_value_10y,2025-M05,month,CHFL,CHFL,all,agegroup_food,all,14,NA,0.16,68,NA,NA,NA,NA,NA,NA,NA,TRUE
median_value_10y,2025-M06,month,CHFL,CHFL,all,agegroup_food,all,10,NA,0.12,82,NA,NA,NA,NA,NA,NA,NA,TRUE
median_value_10y,2025-M07,month,CHFL,CHFL,all,agegroup_food,all,11,NA,0.13,94,NA,NA,NA,NA,NA,NA,NA,TRUE
median_value_10y,2025-M08,month,CHFL,CHFL,all,agegroup_food,all,20,NA,0.22,113,NA,NA,NA,NA,NA,NA,NA,TRUE
median_value_10y,2025-M09,month,CHFL,CHFL,all,agegroup_food,all,16,NA,0.18,128,NA,NA,NA,NA,NA,NA,NA,TRUE
median_value_10y,2025-M10,month,CHFL,CHFL,all,agegroup_food,all,22,NA,0.25,150,NA,NA,NA,NA,NA,NA,NA,TRUE
median_value_10y,2025-M11,month,CHFL,CHFL,all,agegroup_food,all,24,NA,0.27,175,NA,NA,NA,NA,NA,NA,NA,TRUE
median_value_10y,2025-M12,month,CHFL,CHFL,all,agegroup_food,all,13,NA,0.15,190,NA,NA,NA,NA,NA,NA,NA,TRUE
median_value_10y,2026-M01,month,CHFL,CHFL,all,agegroup_food,all,15,NA,0.17,15,NA,NA,NA,NA,NA,NA,NA,TRUE
median_value_10y,2026-M02,month,CHFL,CHFL,all,agegroup_food,all,12,NA,0.13,26,NA,NA,NA,NA,NA,NA,NA,TRUE
median_value_10y,2026-M03,month,CHFL,CHFL,all,agegroup_food,all,12,NA,0.14,40,NA,NA,NA,NA,NA,NA,NA,TRUE
median_value_10y,2026-M04,month,CHFL,CHFL,all,agegroup_food,all,11,NA,0.12,54,NA,NA,NA,NA,NA,NA,NA,TRUE
median_value_10y,2026-M05,month,CHFL,CHFL,all,agegroup_food,all,15,NA,0.17,68,NA,NA,NA,NA,NA,NA,NA,TRUE
median_value_10y,2026-M06,month,CHFL,CHFL,all,agegroup_food,all,12,NA,0.14,82,NA,NA,NA,NA,NA,NA,NA,TRUE
median_value_10y,2026-M07,month,CHFL,CHFL,all,agegroup_food,all,12,NA,0.14,94,NA,NA,NA,NA,NA,NA,NA,TRUE
median_value_10y,2026-M08,month,CHFL,CHFL,all,agegroup_food,all,20,NA,0.22,113,NA,NA,NA,NA,NA,NA,NA,TRUE
max_value_10y,2022-M01,month,CHFL,CHFL,all,agegroup_food,all,32,NA,0.38,32,NA,NA,NA,NA,NA,NA,NA,TRUE
max_value_10y,2022-M02,month,CHFL,CHFL,all,agegroup_food,all,17,NA,0.2,49,NA,NA,NA,NA,NA,NA,NA,TRUE
max_value_10y,2022-M03,month,CHFL,CHFL,all,agegroup_food,all,21,NA,0.24,60,NA,NA,NA,NA,NA,NA,NA,TRUE
max_value_10y,2022-M04,month,CHFL,CHFL,all,agegroup_food,all,15,NA,0.17,71,NA,NA,NA,NA,NA,NA,NA,TRUE
max_value_10y,2022-M05,month,CHFL,CHFL,all,agegroup_food,all,15,NA,0.18,79,NA,NA,NA,NA,NA,NA,NA,TRUE
max_value_10y,2022-M06,month,CHFL,CHFL,all,agegroup_food,all,24,NA,0.28,91,NA,NA,NA,NA,NA,NA,NA,TRUE
max_value_10y,2022-M07,month,CHFL,CHFL,all,agegroup_food,all,22,NA,0.26,113,NA,NA,NA,NA,NA,NA,NA,TRUE
max_value_10y,2022-M08,month,CHFL,CHFL,all,agegroup_food,all,39,NA,0.45,152,NA,NA,NA,NA,NA,NA,NA,TRUE
max_value_10y,2022-M09,month,CHFL,CHFL,all,agegroup_food,all,22,NA,0.25,173,NA,NA,NA,NA,NA,NA,NA,TRUE
max_value_10y,2022-M10,month,CHFL,CHFL,all,agegroup_food,all,37,NA,0.43,210,NA,NA,NA,NA,NA,NA,NA,TRUE
max_value_10y,2022-M11,month,CHFL,CHFL,all,agegroup_food,all,27,NA,0.31,232,NA,NA,NA,NA,NA,NA,NA,TRUE
max_value_10y,2022-M12,month,CHFL,CHFL,all,agegroup_food,all,16,NA,0.19,248,NA,NA,NA,NA,NA,NA,NA,TRUE
max_value_10y,2023-M01,month,CHFL,CHFL,all,agegroup_food,all,32,NA,0.38,32,NA,NA,NA,NA,NA,NA,NA,TRUE
max_value_10y,2023-M02,month,CHFL,CHFL,all,agegroup_food,all,17,NA,0.2,49,NA,NA,NA,NA,NA,NA,NA,TRUE
max_value_10y,2023-M03,month,CHFL,CHFL,all,agegroup_food,all,21,NA,0.24,60,NA,NA,NA,NA,NA,NA,NA,TRUE
max_value_10y,2023-M04,month,CHFL,CHFL,all,agegroup_food,all,15,NA,0.17,71,NA,NA,NA,NA,NA,NA,NA,TRUE
max_value_10y,2023-M05,month,CHFL,CHFL,all,agegroup_food,all,17,NA,0.19,79,NA,NA,NA,NA,NA,NA,NA,TRUE
max_value_10y,2023-M06,month,CHFL,CHFL,all,agegroup_food,all,24,NA,0.28,91,NA,NA,NA,NA,NA,NA,NA,TRUE
max_value_10y,2023-M07,month,CHFL,CHFL,all,agegroup_food,all,22,NA,0.26,113,NA,NA,NA,NA,NA,NA,NA,TRUE
max_value_10y,2023-M08,month,CHFL,CHFL,all,agegroup_food,all,39,NA,0.45,152,NA,NA,NA,NA,NA,NA,NA,TRUE
max_value_10y,2023-M09,month,CHFL,CHFL,all,agegroup_food,all,22,NA,0.25,173,NA,NA,NA,NA,NA,NA,NA,TRUE
max_value_10y,2023-M10,month,CHFL,CHFL,all,agegroup_food,all,37,NA,0.43,210,NA,NA,NA,NA,NA,NA,NA,TRUE
max_value_10y,2023-M11,month,CHFL,CHFL,all,agegroup_food,all,27,NA,0.31,232,NA,NA,NA,NA,NA,NA,NA,TRUE
max_value_10y,2023-M12,month,CHFL,CHFL,all,agegroup_food,all,17,NA,0.19,248,NA,NA,NA,NA,NA,NA,NA,TRUE
max_value_10y,2024-M01,month,CHFL,CHFL,all,agegroup_food,all,32,NA,0.38,32,NA,NA,NA,NA,NA,NA,NA,TRUE
max_value_10y,2024-M02,month,CHFL,CHFL,all,agegroup_food,all,17,NA,0.2,49,NA,NA,NA,NA,NA,NA,NA,TRUE
max_value_10y,2024-M03,month,CHFL,CHFL,all,agegroup_food,all,21,NA,0.24,60,NA,NA,NA,NA,NA,NA,NA,TRUE
max_value_10y,2024-M04,month,CHFL,CHFL,all,agegroup_food,all,15,NA,0.17,71,NA,NA,NA,NA,NA,NA,NA,TRUE
max_value_10y,2024-M05,month,CHFL,CHFL,all,agegroup_food,all,17,NA,0.19,79,NA,NA,NA,NA,NA,NA,NA,TRUE
max_value_10y,2024-M06,month,CHFL,CHFL,all,agegroup_food,all,24,NA,0.28,91,NA,NA,NA,NA,NA,NA,NA,TRUE
max_value_10y,2024-M07,month,CHFL,CHFL,all,agegroup_food,all,22,NA,0.26,113,NA,NA,NA,NA,NA,NA,NA,TRUE
max_value_10y,2024-M08,month,CHFL,CHFL,all,agegroup_food,all,39,NA,0.45,152,NA,NA,NA,NA,NA,NA,NA,TRUE
max_value_10y,2024-M09,month,CHFL,CHFL,all,agegroup_food,all,22,NA,0.25,173,NA,NA,NA,NA,NA,NA,NA,TRUE
max_value_10y,2024-M10,month,CHFL,CHFL,all,agegroup_food,all,37,NA,0.43,210,NA,NA,NA,NA,NA,NA,NA,TRUE
max_value_10y,2024-M11,month,CHFL,CHFL,all,agegroup_food,all,27,NA,0.31,232,NA,NA,NA,NA,NA,NA,NA,TRUE
max_value_10y,2024-M12,month,CHFL,CHFL,all,agegroup_food,all,17,NA,0.19,248,NA,NA,NA,NA,NA,NA,NA,TRUE
max_value_10y,2025-M01,month,CHFL,CHFL,all,agegroup_food,all,32,NA,0.38,32,NA,NA,NA,NA,NA,NA,NA,TRUE
max_value_10y,2025-M02,month,CHFL,CHFL,all,agegroup_food,all,17,NA,0.2,49,NA,NA,NA,NA,NA,NA,NA,TRUE
max_value_10y,2025-M03,month,CHFL,CHFL,all,agegroup_food,all,21,NA,0.24,60,NA,NA,NA,NA,NA,NA,NA,TRUE
max_value_10y,2025-M04,month,CHFL,CHFL,all,agegroup_food,all,15,NA,0.17,71,NA,NA,NA,NA,NA,NA,NA,TRUE
max_value_10y,2025-M05,month,CHFL,CHFL,all,agegroup_food,all,27,NA,0.3,83,NA,NA,NA,NA,NA,NA,NA,TRUE
max_value_10y,2025-M06,month,CHFL,CHFL,all,agegroup_food,all,24,NA,0.28,103,NA,NA,NA,NA,NA,NA,NA,TRUE
max_value_10y,2025-M07,month,CHFL,CHFL,all,agegroup_food,all,22,NA,0.26,123,NA,NA,NA,NA,NA,NA,NA,TRUE
max_value_10y,2025-M08,month,CHFL,CHFL,all,agegroup_food,all,39,NA,0.45,152,NA,NA,NA,NA,NA,NA,NA,TRUE
max_value_10y,2025-M09,month,CHFL,CHFL,all,agegroup_food,all,25,NA,0.27,173,NA,NA,NA,NA,NA,NA,NA,TRUE
max_value_10y,2025-M10,month,CHFL,CHFL,all,agegroup_food,all,37,NA,0.43,210,NA,NA,NA,NA,NA,NA,NA,TRUE
max_value_10y,2025-M11,month,CHFL,CHFL,all,agegroup_food,all,27,NA,0.31,232,NA,NA,NA,NA,NA,NA,NA,TRUE
max_value_10y,2025-M12,month,CHFL,CHFL,all,agegroup_food,all,17,NA,0.19,248,NA,NA,NA,NA,NA,NA,NA,TRUE
max_value_10y,2026-M01,month,CHFL,CHFL,all,agegroup_food,all,24,NA,0.26,24,NA,NA,NA,NA,NA,NA,NA,TRUE
max_value_10y,2026-M02,month,CHFL,CHFL,all,agegroup_food,all,17,NA,0.19,35,NA,NA,NA,NA,NA,NA,NA,TRUE
max_value_10y,2026-M03,month,CHFL,CHFL,all,agegroup_food,all,21,NA,0.24,56,NA,NA,NA,NA,NA,NA,NA,TRUE
max_value_10y,2026-M04,month,CHFL,CHFL,all,agegroup_food,all,17,NA,0.19,70,NA,NA,NA,NA,NA,NA,NA,TRUE
max_value_10y,2026-M05,month,CHFL,CHFL,all,agegroup_food,all,27,NA,0.3,88,NA,NA,NA,NA,NA,NA,NA,TRUE
max_value_10y,2026-M06,month,CHFL,CHFL,all,agegroup_food,all,24,NA,0.28,111,NA,NA,NA,NA,NA,NA,NA,TRUE
max_value_10y,2026-M07,month,CHFL,CHFL,all,agegroup_food,all,23,NA,0.26,134,NA,NA,NA,NA,NA,NA,NA,TRUE
max_value_10y,2026-M08,month,CHFL,CHFL,all,agegroup_food,all,39,NA,0.45,161,NA,NA,NA,NA,NA,NA,NA,TRUE
cases,2013,year,AG,canton,all,agegroup_food,all,11,636362,1.73,NA,NA,NA,7.5,NA,NA,NA,NA,TRUE
cases,2013,year,AI,canton,all,agegroup_food,all,0,15778,0,NA,NA,NA,0,NA,NA,NA,NA,TRUE
cases,2013,year,AR,canton,all,agegroup_food,all,0,53691,0,NA,NA,NA,0,NA,NA,NA,NA,TRUE
cases,2013,year,BE,canton,all,agegroup_food,all,9,1001281,0.9,NA,NA,NA,6.1,NA,NA,NA,NA,TRUE
cases,2013,year,BL,canton,all,agegroup_food,all,7,278656,2.51,NA,NA,NA,4.8,NA,NA,NA,NA,TRUE
cases,2013,year,BS,canton,all,agegroup_food,all,3,189335,1.58,NA,NA,NA,2,NA,NA,NA,NA,TRUE
cases,2013,year,CH,country,all,agegroup_food,all,147,8139631,1.81,NA,NA,NA,100,NA,NA,NA,NA,TRUE
cases,2013,year,CHFL,CHFL,all,agegroup_food,all,147,8176573,1.8,NA,NA,NA,100,NA,NA,NA,NA,TRUE
cases,2013,year,FL,country,all,agegroup_food,all,0,36942,0,NA,NA,NA,0,NA,NA,NA,NA,TRUE
cases,2013,year,FR,canton,all,agegroup_food,all,7,297622,2.35,NA,NA,NA,4.8,NA,NA,NA,NA,TRUE
cases,2013,year,GE,canton,all,agegroup_food,all,23,469433,4.9,NA,NA,NA,15.6,NA,NA,NA,NA,TRUE
cases,2013,year,GL,canton,all,agegroup_food,all,0,39593,0,NA,NA,NA,0,NA,NA,NA,NA,TRUE
cases,2013,year,GR,canton,all,agegroup_food,all,2,194959,1.03,NA,NA,NA,1.4,NA,NA,NA,NA,TRUE
cases,2013,year,JU,canton,all,agegroup_food,all,3,71738,4.18,NA,NA,NA,2,NA,NA,NA,NA,TRUE
cases,2013,year,LU,canton,all,agegroup_food,all,6,390349,1.54,NA,NA,NA,4.1,NA,NA,NA,NA,TRUE
cases,2013,year,NE,canton,all,agegroup_food,all,4,176402,2.27,NA,NA,NA,2.7,NA,NA,NA,NA,TRUE
cases,2013,year,NW,canton,all,agegroup_food,all,0,41888,0,NA,NA,NA,0,NA,NA,NA,NA,TRUE
cases,2013,year,OW,canton,all,agegroup_food,all,0,36507,0,NA,NA,NA,0,NA,NA,NA,NA,TRUE
cases,2013,year,SG,canton,all,agegroup_food,all,3,491699,0.61,NA,NA,NA,2,NA,NA,NA,NA,TRUE
cases,2013,year,SH,canton,all,agegroup_food,all,2,78783,2.54,NA,NA,NA,1.4,NA,NA,NA,NA,TRUE
cases,2013,year,SO,canton,all,agegroup_food,all,1,261437,0.38,NA,NA,NA,0.7,NA,NA,NA,NA,TRUE
cases,2013,year,SZ,canton,all,agegroup_food,all,1,151396,0.66,NA,NA,NA,0.7,NA,NA,NA,NA,TRUE
cases,2013,year,TG,canton,all,agegroup_food,all,1,260278,0.38,NA,NA,NA,0.7,NA,NA,NA,NA,TRUE
cases,2013,year,TI,canton,all,agegroup_food,all,6,346539,1.73,NA,NA,NA,4.1,NA,NA,NA,NA,TRUE
cases,2013,year,UR,canton,all,agegroup_food,all,0,35865,0,NA,NA,NA,0,NA,NA,NA,NA,TRUE
cases,2013,year,VD,canton,all,agegroup_food,all,18,749373,2.4,NA,NA,NA,12.2,NA,NA,NA,NA,TRUE
cases,2013,year,VS,canton,all,agegroup_food,all,1,327011,0.31,NA,NA,NA,0.7,NA,NA,NA,NA,TRUE
cases,2013,year,ZG,canton,all,agegroup_food,all,0,118118,0,NA,NA,NA,0,NA,NA,NA,NA,TRUE
cases,2013,year,ZH,canton,all,agegroup_food,all,39,1425538,2.74,NA,NA,NA,26.5,NA,NA,NA,NA,TRUE
cases,2014,year,AG,canton,all,agegroup_food,all,10,645277,1.55,NA,NA,NA,6.9,NA,NA,NA,NA,TRUE
cases,2014,year,AI,canton,all,agegroup_food,all,0,15854,0,NA,NA,NA,0,NA,NA,NA,NA,TRUE
cases,2014,year,AR,canton,all,agegroup_food,all,0,54064,0,NA,NA,NA,0,NA,NA,NA,NA,TRUE
cases,2014,year,BE,canton,all,agegroup_food,all,19,1009418,1.88,NA,NA,NA,13.2,NA,NA,NA,NA,TRUE
cases,2014,year,BL,canton,all,agegroup_food,all,2,281301,0.71,NA,NA,NA,1.4,NA,NA,NA,NA,TRUE
cases,2014,year,BS,canton,all,agegroup_food,all,8,190580,4.2,NA,NA,NA,5.6,NA,NA,NA,NA,TRUE
cases,2014,year,CH,country,all,agegroup_food,all,144,8237666,1.75,NA,NA,NA,100,NA,NA,NA,NA,TRUE
cases,2014,year,CHFL,CHFL,all,agegroup_food,all,144,8274608,1.74,NA,NA,NA,100,-3,-0.06,-3.3,NA,TRUE
cases,2014,year,FL,country,all,agegroup_food,all,0,36942,0,NA,NA,NA,0,NA,NA,NA,NA,TRUE
cases,2014,year,FR,canton,all,agegroup_food,all,9,303377,2.97,NA,NA,NA,6.2,NA,NA,NA,NA,TRUE
cases,2014,year,GE,canton,all,agegroup_food,all,23,477385,4.82,NA,NA,NA,16,NA,NA,NA,NA,TRUE
cases,2014,year,GL,canton,all,agegroup_food,all,0,39794,0,NA,NA,NA,0,NA,NA,NA,NA,TRUE
cases,2014,year,GR,canton,all,agegroup_food,all,2,195886,1.02,NA,NA,NA,1.4,NA,NA,NA,NA,TRUE
cases,2014,year,JU,canton,all,agegroup_food,all,1,72410,1.38,NA,NA,NA,0.7,NA,NA,NA,NA,TRUE
cases,2014,year,LU,canton,all,agegroup_food,all,2,394604,0.51,NA,NA,NA,1.4,NA,NA,NA,NA,TRUE
cases,2014,year,NE,canton,all,agegroup_food,all,4,177327,2.26,NA,NA,NA,2.8,NA,NA,NA,NA,TRUE
cases,2014,year,NW,canton,all,agegroup_food,all,1,42080,2.38,NA,NA,NA,0.7,NA,NA,NA,NA,TRUE
cases,2014,year,OW,canton,all,agegroup_food,all,0,36834,0,NA,NA,NA,0,NA,NA,NA,NA,TRUE
cases,2014,year,SG,canton,all,agegroup_food,all,6,495824,1.21,NA,NA,NA,4.2,NA,NA,NA,NA,TRUE
cases,2014,year,SH,canton,all,agegroup_food,all,0,79417,0,NA,NA,NA,0,NA,NA,NA,NA,TRUE
cases,2014,year,SO,canton,all,agegroup_food,all,2,263719,0.76,NA,NA,NA,1.4,NA,NA,NA,NA,TRUE
cases,2014,year,SZ,canton,all,agegroup_food,all,2,152759,1.31,NA,NA,NA,1.4,NA,NA,NA,NA,TRUE
cases,2014,year,TG,canton,all,agegroup_food,all,0,263733,0,NA,NA,NA,0,NA,NA,NA,NA,TRUE
cases,2014,year,TI,canton,all,agegroup_food,all,5,350363,1.43,NA,NA,NA,3.5,NA,NA,NA,NA,TRUE
cases,2014,year,UR,canton,all,agegroup_food,all,1,36008,2.78,NA,NA,NA,0.7,NA,NA,NA,NA,TRUE
cases,2014,year,VD,canton,all,agegroup_food,all,16,761446,2.1,NA,NA,NA,11.1,NA,NA,NA,NA,TRUE
cases,2014,year,VS,canton,all,agegroup_food,all,3,331763,0.9,NA,NA,NA,2.1,NA,NA,NA,NA,TRUE
cases,2014,year,ZG,canton,all,agegroup_food,all,1,120089,0.83,NA,NA,NA,0.7,NA,NA,NA,NA,TRUE
cases,2014,year,ZH,canton,all,agegroup_food,all,27,1446354,1.87,NA,NA,NA,18.8,NA,NA,NA,NA,TRUE
cases,2015,year,AG,canton,all,agegroup_food,all,6,653541,0.92,NA,9,NA,3.4,NA,NA,NA,NA,TRUE
cases,2015,year,AI,canton,all,agegroup_food,all,1,15973,6.26,NA,0.3,NA,0.6,NA,NA,NA,NA,TRUE
cases,2015,year,AR,canton,all,agegroup_food,all,1,54530,1.83,NA,0.3,NA,0.6,NA,NA,NA,NA,TRUE
cases,2015,year,BE,canton,all,agegroup_food,all,21,1017183,2.06,NA,16.3,NA,11.8,NA,NA,NA,NA,TRUE
cases,2015,year,BL,canton,all,agegroup_food,all,4,283157,1.41,NA,4.3,NA,2.2,NA,NA,NA,NA,TRUE
cases,2015,year,BS,canton,all,agegroup_food,all,11,191757,5.74,NA,7.3,NA,6.2,NA,NA,NA,NA,TRUE
cases,2015,year,CH,country,all,agegroup_food,all,178,8325194,2.14,NA,156.3,NA,99.4,NA,NA,NA,NA,TRUE
cases,2015,year,CHFL,CHFL,all,agegroup_food,all,179,8362816,2.14,NA,156.7,stagnant,100,35,0.4,23,NA,TRUE
cases,2015,year,FL,country,all,agegroup_food,all,1,37622,2.66,NA,0.3,NA,0.6,NA,NA,NA,NA,TRUE
cases,2015,year,FR,canton,all,agegroup_food,all,3,307409,0.98,NA,6.3,NA,1.7,NA,NA,NA,NA,TRUE
cases,2015,year,GE,canton,all,agegroup_food,all,37,484445,7.64,NA,27.7,NA,20.8,NA,NA,NA,NA,TRUE
cases,2015,year,GL,canton,all,agegroup_food,all,0,40021,0,NA,0,NA,0,NA,NA,NA,NA,TRUE
cases,2015,year,GR,canton,all,agegroup_food,all,2,196564,1.02,NA,2,NA,1.1,NA,NA,NA,NA,TRUE
cases,2015,year,JU,canton,all,agegroup_food,all,1,72771,1.37,NA,1.7,NA,0.6,NA,NA,NA,NA,TRUE
cases,2015,year,LU,canton,all,agegroup_food,all,7,398699,1.76,NA,5,NA,3.9,NA,NA,NA,NA,TRUE
cases,2015,year,NE,canton,all,agegroup_food,all,5,178073,2.81,NA,4.3,NA,2.8,NA,NA,NA,NA,TRUE
cases,2015,year,NW,canton,all,agegroup_food,all,0,42416,0,NA,0.3,NA,0,NA,NA,NA,NA,TRUE
cases,2015,year,OW,canton,all,agegroup_food,all,0,37071,0,NA,0,NA,0,NA,NA,NA,NA,TRUE
cases,2015,year,SG,canton,all,agegroup_food,all,6,499006,1.2,NA,5,NA,3.4,NA,NA,NA,NA,TRUE
cases,2015,year,SH,canton,all,agegroup_food,all,1,79828,1.25,NA,1,NA,0.6,NA,NA,NA,NA,TRUE
cases,2015,year,SO,canton,all,agegroup_food,all,3,266369,1.13,NA,2,NA,1.7,NA,NA,NA,NA,TRUE
cases,2015,year,SZ,canton,all,agegroup_food,all,2,154073,1.3,NA,1.7,NA,1.1,NA,NA,NA,NA,TRUE
cases,2015,year,TG,canton,all,agegroup_food,all,3,267393,1.12,NA,1.3,NA,1.7,NA,NA,NA,NA,TRUE
cases,2015,year,TI,canton,all,agegroup_food,all,4,351894,1.14,NA,5,NA,2.2,NA,NA,NA,NA,TRUE
cases,2015,year,UR,canton,all,agegroup_food,all,0,35971,0,NA,0.3,NA,0,NA,NA,NA,NA,TRUE
cases,2015,year,VD,canton,all,agegroup_food,all,15,773239,1.94,NA,16.3,NA,8.4,NA,NA,NA,NA,TRUE
cases,2015,year,VS,canton,all,agegroup_food,all,6,335622,1.79,NA,3.3,NA,3.4,NA,NA,NA,NA,TRUE
cases,2015,year,ZG,canton,all,agegroup_food,all,0,122113,0,NA,0.3,NA,0,NA,NA,NA,NA,TRUE
cases,2015,year,ZH,canton,all,agegroup_food,all,39,1466076,2.66,NA,35,NA,21.9,NA,NA,NA,NA,TRUE
cases,2016,year,AG,canton,all,agegroup_food,all,5,663462,0.75,NA,7,NA,2.8,NA,NA,NA,NA,TRUE
cases,2016,year,AI,canton,all,agegroup_food,all,0,16003,0,NA,0.3,NA,0,NA,NA,NA,NA,TRUE
cases,2016,year,AR,canton,all,agegroup_food,all,0,54954,0,NA,0.3,NA,0,NA,NA,NA,NA,TRUE
cases,2016,year,BE,canton,all,agegroup_food,all,16,1026513,1.56,NA,18.7,NA,9,NA,NA,NA,NA,TRUE
cases,2016,year,BL,canton,all,agegroup_food,all,8,285624,2.8,NA,4.7,NA,4.5,NA,NA,NA,NA,TRUE
cases,2016,year,BS,canton,all,agegroup_food,all,2,193070,1.04,NA,7,NA,1.1,NA,NA,NA,NA,TRUE
cases,2016,year,CH,country,all,agegroup_food,all,178,8419550,2.11,NA,166.7,NA,100,NA,NA,NA,NA,TRUE
cases,2016,year,CHFL,CHFL,all,agegroup_food,all,178,8457360,2.1,NA,167,stagnant,100,-1,-0.04,-1.9,NA,TRUE
cases,2016,year,FL,country,all,agegroup_food,all,0,37810,0,NA,0.3,NA,0,NA,NA,NA,NA,TRUE
cases,2016,year,FR,canton,all,agegroup_food,all,4,311914,1.28,NA,5.3,NA,2.2,NA,NA,NA,NA,TRUE
cases,2016,year,GE,canton,all,agegroup_food,all,30,489524,6.13,NA,30,NA,16.9,NA,NA,NA,NA,TRUE
cases,2016,year,GL,canton,all,agegroup_food,all,0,40147,0,NA,0,NA,0,NA,NA,NA,NA,TRUE
cases,2016,year,GR,canton,all,agegroup_food,all,1,197550,0.51,NA,1.7,NA,0.6,NA,NA,NA,NA,TRUE
cases,2016,year,JU,canton,all,agegroup_food,all,4,73122,5.47,NA,2,NA,2.2,NA,NA,NA,NA,TRUE
cases,2016,year,LU,canton,all,agegroup_food,all,11,403397,2.73,NA,6.7,NA,6.2,NA,NA,NA,NA,TRUE
cases,2016,year,NE,canton,all,agegroup_food,all,10,178567,5.6,NA,6.3,NA,5.6,NA,NA,NA,NA,TRUE
cases,2016,year,NW,canton,all,agegroup_food,all,0,42556,0,NA,0.3,NA,0,NA,NA,NA,NA,TRUE
cases,2016,year,OW,canton,all,agegroup_food,all,0,37378,0,NA,0,NA,0,NA,NA,NA,NA,TRUE
cases,2016,year,SG,canton,all,agegroup_food,all,0,502552,0,NA,4,NA,0,NA,NA,NA,NA,TRUE
cases,2016,year,SH,canton,all,agegroup_food,all,0,80769,0,NA,0.3,NA,0,NA,NA,NA,NA,TRUE
cases,2016,year,SO,canton,all,agegroup_food,all,3,269441,1.11,NA,2.7,NA,1.7,NA,NA,NA,NA,TRUE
cases,2016,year,SZ,canton,all,agegroup_food,all,5,155863,3.21,NA,3,NA,2.8,NA,NA,NA,NA,TRUE
cases,2016,year,TG,canton,all,agegroup_food,all,4,270709,1.48,NA,2.3,NA,2.2,NA,NA,NA,NA,TRUE
cases,2016,year,TI,canton,all,agegroup_food,all,2,354375,0.56,NA,3.7,NA,1.1,NA,NA,NA,NA,TRUE
cases,2016,year,UR,canton,all,agegroup_food,all,1,36145,2.77,NA,0.7,NA,0.6,NA,NA,NA,NA,TRUE
cases,2016,year,VD,canton,all,agegroup_food,all,38,784822,4.84,NA,23,NA,21.3,NA,NA,NA,NA,TRUE
cases,2016,year,VS,canton,all,agegroup_food,all,1,339176,0.29,NA,3.3,NA,0.6,NA,NA,NA,NA,TRUE
cases,2016,year,ZG,canton,all,agegroup_food,all,0,123948,0,NA,0.3,NA,0,NA,NA,NA,NA,TRUE
cases,2016,year,ZH,canton,all,agegroup_food,all,33,1487969,2.22,NA,33,NA,18.5,NA,NA,NA,NA,TRUE
cases,2017,year,AG,canton,all,agegroup_food,all,1,670988,0.15,NA,4,NA,0.7,NA,NA,NA,NA,TRUE
cases,2017,year,AI,canton,all,agegroup_food,all,0,16105,0,NA,0.3,NA,0,NA,NA,NA,NA,TRUE
cases,2017,year,AR,canton,all,agegroup_food,all,0,55178,0,NA,0.3,NA,0,NA,NA,NA,NA,TRUE
cases,2017,year,BE,canton,all,agegroup_food,all,14,1031126,1.36,NA,17,NA,9.7,NA,NA,NA,NA,TRUE
cases,2017,year,BL,canton,all,agegroup_food,all,1,287023,0.35,NA,4.3,NA,0.7,NA,NA,NA,NA,TRUE
cases,2017,year,BS,canton,all,agegroup_food,all,3,193908,1.55,NA,5.3,NA,2.1,NA,NA,NA,NA,TRUE
cases,2017,year,CH,country,all,agegroup_food,all,145,8484130,1.71,NA,167,NA,100,NA,NA,NA,NA,TRUE
cases,2017,year,CHFL,CHFL,all,agegroup_food,all,145,8522244,1.7,NA,167.3,falling,100,-33,-0.4,-19,158.6,TRUE
cases,2017,year,FL,country,all,agegroup_food,all,0,38114,0,NA,0.3,NA,0,NA,NA,NA,NA,TRUE
cases,2017,year,FR,canton,all,agegroup_food,all,8,315074,2.54,NA,5,NA,5.5,NA,NA,NA,NA,TRUE
cases,2017,year,GE,canton,all,agegroup_food,all,35,495249,7.07,NA,34,NA,24.1,NA,NA,NA,NA,TRUE
cases,2017,year,GL,canton,all,agegroup_food,all,1,40349,2.48,NA,0.3,NA,0.7,NA,NA,NA,NA,TRUE
cases,2017,year,GR,canton,all,agegroup_food,all,3,197888,1.52,NA,2,NA,2.1,NA,NA,NA,NA,TRUE
cases,2017,year,JU,canton,all,agegroup_food,all,0,73290,0,NA,1.7,NA,0,NA,NA,NA,NA,TRUE
cases,2017,year,LU,canton,all,agegroup_food,all,4,406506,0.98,NA,7.3,NA,2.8,NA,NA,NA,NA,TRUE
cases,2017,year,NE,canton,all,agegroup_food,all,3,177964,1.69,NA,6,NA,2.1,NA,NA,NA,NA,TRUE
cases,2017,year,NW,canton,all,agegroup_food,all,0,42969,0,NA,0,NA,0,NA,NA,NA,NA,TRUE
cases,2017,year,OW,canton,all,agegroup_food,all,0,37575,0,NA,0,NA,0,NA,NA,NA,NA,TRUE
cases,2017,year,SG,canton,all,agegroup_food,all,4,504686,0.79,NA,3.3,NA,2.8,NA,NA,NA,NA,TRUE
cases,2017,year,SH,canton,all,agegroup_food,all,0,81351,0,NA,0.3,NA,0,NA,NA,NA,NA,TRUE
cases,2017,year,SO,canton,all,agegroup_food,all,5,271432,1.84,NA,3.7,NA,3.4,NA,NA,NA,NA,TRUE
cases,2017,year,SZ,canton,all,agegroup_food,all,1,157301,0.64,NA,2.7,NA,0.7,NA,NA,NA,NA,TRUE
cases,2017,year,TG,canton,all,agegroup_food,all,3,273801,1.1,NA,3.3,NA,2.1,NA,NA,NA,NA,TRUE
cases,2017,year,TI,canton,all,agegroup_food,all,2,353709,0.57,NA,2.7,NA,1.4,NA,NA,NA,NA,TRUE
cases,2017,year,UR,canton,all,agegroup_food,all,0,36299,0,NA,0.3,NA,0,NA,NA,NA,NA,TRUE
cases,2017,year,VD,canton,all,agegroup_food,all,21,793129,2.65,NA,24.7,NA,14.5,NA,NA,NA,NA,TRUE
cases,2017,year,VS,canton,all,agegroup_food,all,5,341463,1.46,NA,4,NA,3.4,NA,NA,NA,NA,TRUE
cases,2017,year,ZG,canton,all,agegroup_food,all,0,125421,0,NA,0,NA,0,NA,NA,NA,NA,TRUE
cases,2017,year,ZH,canton,all,agegroup_food,all,31,1504346,2.06,NA,34.3,NA,21.4,NA,NA,NA,NA,TRUE
cases,2018,year,AG,canton,all,agegroup_food,all,14,678207,2.06,NA,6.7,NA,5.6,NA,NA,NA,NA,TRUE
cases,2018,year,AI,canton,all,agegroup_food,all,0,16145,0,NA,0,NA,0,NA,NA,NA,NA,TRUE
cases,2018,year,AR,canton,all,agegroup_food,all,0,55234,0,NA,0,NA,0,NA,NA,NA,NA,TRUE
cases,2018,year,BE,canton,all,agegroup_food,all,23,1034977,2.22,NA,17.7,NA,9.3,NA,NA,NA,NA,TRUE
cases,2018,year,BL,canton,all,agegroup_food,all,8,288132,2.78,NA,5.7,NA,3.2,NA,NA,NA,NA,TRUE
cases,2018,year,BS,canton,all,agegroup_food,all,17,194766,8.73,NA,7.3,NA,6.9,NA,NA,NA,NA,TRUE
cases,2018,year,CH,country,all,agegroup_food,all,248,8544527,2.9,NA,190.3,NA,100,NA,NA,NA,NA,TRUE
cases,2018,year,CHFL,CHFL,all,agegroup_food,all,248,8582905,2.89,NA,190.3,rising,100,103,1.19,70,178.8,TRUE
cases,2018,year,FL,country,all,agegroup_food,all,0,38378,0,NA,0,NA,0,NA,NA,NA,NA,TRUE
cases,2018,year,FR,canton,all,agegroup_food,all,5,318714,1.57,NA,5.7,NA,2,NA,NA,NA,NA,TRUE
cases,2018,year,GE,canton,all,agegroup_food,all,30,499480,6.01,NA,31.7,NA,12.1,NA,NA,NA,NA,TRUE
cases,2018,year,GL,canton,all,agegroup_food,all,0,40403,0,NA,0.3,NA,0,NA,NA,NA,NA,TRUE
cases,2018,year,GR,canton,all,agegroup_food,all,3,198379,1.51,NA,2.3,NA,1.2,NA,NA,NA,NA,TRUE
cases,2018,year,JU,canton,all,agegroup_food,all,2,73419,2.72,NA,2,NA,0.8,NA,NA,NA,NA,TRUE
cases,2018,year,LU,canton,all,agegroup_food,all,4,409557,0.98,NA,6.3,NA,1.6,NA,NA,NA,NA,TRUE
cases,2018,year,NE,canton,all,agegroup_food,all,8,176850,4.52,NA,7,NA,3.2,NA,NA,NA,NA,TRUE
cases,2018,year,NW,canton,all,agegroup_food,all,0,43223,0,NA,0,NA,0,NA,NA,NA,NA,TRUE
cases,2018,year,OW,canton,all,agegroup_food,all,2,37841,5.29,NA,0.7,NA,0.8,NA,NA,NA,NA,TRUE
cases,2018,year,SG,canton,all,agegroup_food,all,3,507697,0.59,NA,2.3,NA,1.2,NA,NA,NA,NA,TRUE
cases,2018,year,SH,canton,all,agegroup_food,all,0,81991,0,NA,0,NA,0,NA,NA,NA,NA,TRUE
cases,2018,year,SO,canton,all,agegroup_food,all,6,273194,2.2,NA,4.7,NA,2.4,NA,NA,NA,NA,TRUE
cases,2018,year,SZ,canton,all,agegroup_food,all,4,159165,2.51,NA,3.3,NA,1.6,NA,NA,NA,NA,TRUE
cases,2018,year,TG,canton,all,agegroup_food,all,6,276472,2.17,NA,4.3,NA,2.4,NA,NA,NA,NA,TRUE
cases,2018,year,TI,canton,all,agegroup_food,all,7,353343,1.98,NA,3.7,NA,2.8,NA,NA,NA,NA,TRUE
cases,2018,year,UR,canton,all,agegroup_food,all,0,36433,0,NA,0.3,NA,0,NA,NA,NA,NA,TRUE
cases,2018,year,VD,canton,all,agegroup_food,all,42,799145,5.26,NA,33.7,NA,16.9,NA,NA,NA,NA,TRUE
cases,2018,year,VS,canton,all,agegroup_food,all,9,343955,2.62,NA,5,NA,3.6,NA,NA,NA,NA,TRUE
cases,2018,year,ZG,canton,all,agegroup_food,all,2,126837,1.58,NA,0.7,NA,0.8,NA,NA,NA,NA,TRUE
cases,2018,year,ZH,canton,all,agegroup_food,all,53,1520968,3.48,NA,39,NA,21.4,NA,NA,NA,NA,TRUE
cases,2019,year,AG,canton,all,agegroup_food,all,12,685845,1.75,NA,9,NA,5.7,NA,NA,NA,NA,TRUE
cases,2019,year,AI,canton,all,agegroup_food,all,0,16128,0,NA,0,NA,0,NA,NA,NA,NA,TRUE
cases,2019,year,AR,canton,all,agegroup_food,all,0,55445,0,NA,0,NA,0,NA,NA,NA,NA,TRUE
cases,2019,year,BE,canton,all,agegroup_food,all,19,1039474,1.83,NA,18.7,NA,9,NA,NA,NA,NA,TRUE
cases,2019,year,BL,canton,all,agegroup_food,all,5,289468,1.73,NA,4.7,NA,2.4,NA,NA,NA,NA,TRUE
cases,2019,year,BS,canton,all,agegroup_food,all,8,195844,4.08,NA,9.3,NA,3.8,NA,NA,NA,NA,TRUE
cases,2019,year,CH,country,all,agegroup_food,all,212,8606033,2.46,NA,201.7,NA,99.1,NA,NA,NA,NA,TRUE
cases,2019,year,CHFL,CHFL,all,agegroup_food,all,214,8644780,2.48,NA,202.3,rising,100,-34,-0.41,-14.2,192.8,TRUE
cases,2019,year,FL,country,all,agegroup_food,all,2,38747,5.16,NA,0.7,NA,0.9,NA,NA,NA,NA,TRUE
cases,2019,year,FR,canton,all,agegroup_food,all,4,321783,1.24,NA,5.7,NA,1.9,NA,NA,NA,NA,TRUE
cases,2019,year,GE,canton,all,agegroup_food,all,31,504128,6.15,NA,32,NA,14.6,NA,NA,NA,NA,TRUE
cases,2019,year,GL,canton,all,agegroup_food,all,0,40590,0,NA,0.3,NA,0,NA,NA,NA,NA,TRUE
cases,2019,year,GR,canton,all,agegroup_food,all,1,199021,0.5,NA,2.3,NA,0.5,NA,NA,NA,NA,TRUE
cases,2019,year,JU,canton,all,agegroup_food,all,1,73584,1.36,NA,1,NA,0.5,NA,NA,NA,NA,TRUE
cases,2019,year,LU,canton,all,agegroup_food,all,8,413120,1.94,NA,5.3,NA,3.8,NA,NA,NA,NA,TRUE
cases,2019,year,NE,canton,all,agegroup_food,all,3,176496,1.7,NA,4.7,NA,1.4,NA,NA,NA,NA,TRUE
cases,2019,year,NW,canton,all,agegroup_food,all,0,43087,0,NA,0,NA,0,NA,NA,NA,NA,TRUE
cases,2019,year,OW,canton,all,agegroup_food,all,0,37930,0,NA,0.7,NA,0,NA,NA,NA,NA,TRUE
cases,2019,year,SG,canton,all,agegroup_food,all,6,510734,1.17,NA,4.3,NA,2.8,NA,NA,NA,NA,TRUE
cases,2019,year,SH,canton,all,agegroup_food,all,2,82348,2.43,NA,0.7,NA,0.9,NA,NA,NA,NA,TRUE
cases,2019,year,SO,canton,all,agegroup_food,all,5,275247,1.82,NA,5.3,NA,2.4,NA,NA,NA,NA,TRUE
cases,2019,year,SZ,canton,all,agegroup_food,all,5,160480,3.12,NA,3.3,NA,2.4,NA,NA,NA,NA,TRUE
cases,2019,year,TG,canton,all,agegroup_food,all,1,279547,0.36,NA,3.3,NA,0.5,NA,NA,NA,NA,TRUE
cases,2019,year,TI,canton,all,agegroup_food,all,8,351491,2.28,NA,5.7,NA,3.8,NA,NA,NA,NA,TRUE
cases,2019,year,UR,canton,all,agegroup_food,all,1,36703,2.72,NA,0.3,NA,0.5,NA,NA,NA,NA,TRUE
cases,2019,year,VD,canton,all,agegroup_food,all,28,805098,3.48,NA,30.3,NA,13.2,NA,NA,NA,NA,TRUE
cases,2019,year,VS,canton,all,agegroup_food,all,7,345525,2.03,NA,7,NA,3.3,NA,NA,NA,NA,TRUE
cases,2019,year,ZG,canton,all,agegroup_food,all,4,127642,3.13,NA,2,NA,1.9,NA,NA,NA,NA,TRUE
cases,2019,year,ZH,canton,all,agegroup_food,all,53,1539275,3.44,NA,45.7,NA,25,NA,NA,NA,NA,TRUE
cases,2020,year,AG,canton,all,agegroup_food,all,4,694072,0.58,NA,10,NA,6.9,NA,NA,NA,NA,TRUE
cases,2020,year,AI,canton,all,agegroup_food,all,0,16293,0,NA,0,NA,0,NA,NA,NA,NA,TRUE
cases,2020,year,AR,canton,all,agegroup_food,all,0,55309,0,NA,0,NA,0,NA,NA,NA,NA,TRUE
cases,2020,year,BE,canton,all,agegroup_food,all,1,1043132,0.1,NA,14.3,NA,1.7,NA,NA,NA,NA,TRUE
cases,2020,year,BL,canton,all,agegroup_food,all,2,290969,0.69,NA,5,NA,3.4,NA,NA,NA,NA,TRUE
cases,2020,year,BS,canton,all,agegroup_food,all,3,196735,1.52,NA,9.3,NA,5.2,NA,NA,NA,NA,TRUE
cases,2020,year,CH,country,all,agegroup_food,all,58,8670300,0.67,NA,172.7,NA,100,NA,NA,NA,NA,TRUE
cases,2020,year,CHFL,CHFL,all,agegroup_food,all,58,8709355,0.67,NA,173.3,falling,100,-156,-1.81,-73,168.6,TRUE
cases,2020,year,FL,country,all,agegroup_food,all,0,39055,0,NA,0.7,NA,0,NA,NA,NA,NA,TRUE
cases,2020,year,FR,canton,all,agegroup_food,all,1,325496,0.31,NA,3.3,NA,1.7,NA,NA,NA,NA,TRUE
cases,2020,year,GE,canton,all,agegroup_food,all,5,506343,0.99,NA,22,NA,8.6,NA,NA,NA,NA,TRUE
cases,2020,year,GL,canton,all,agegroup_food,all,1,40851,2.45,NA,0.3,NA,1.7,NA,NA,NA,NA,TRUE
cases,2020,year,GR,canton,all,agegroup_food,all,1,200096,0.5,NA,1.7,NA,1.7,NA,NA,NA,NA,TRUE
cases,2020,year,JU,canton,all,agegroup_food,all,0,73709,0,NA,1,NA,0,NA,NA,NA,NA,TRUE
cases,2020,year,LU,canton,all,agegroup_food,all,3,416347,0.72,NA,5,NA,5.2,NA,NA,NA,NA,TRUE
cases,2020,year,NE,canton,all,agegroup_food,all,3,175894,1.71,NA,4.7,NA,5.2,NA,NA,NA,NA,TRUE
cases,2020,year,NW,canton,all,agegroup_food,all,1,43520,2.3,NA,0.3,NA,1.7,NA,NA,NA,NA,TRUE
cases,2020,year,OW,canton,all,agegroup_food,all,0,38108,0,NA,0.7,NA,0,NA,NA,NA,NA,TRUE
cases,2020,year,SG,canton,all,agegroup_food,all,1,514504,0.19,NA,3.3,NA,1.7,NA,NA,NA,NA,TRUE
cases,2020,year,SH,canton,all,agegroup_food,all,0,83107,0,NA,0.7,NA,0,NA,NA,NA,NA,TRUE
cases,2020,year,SO,canton,all,agegroup_food,all,1,277462,0.36,NA,4,NA,1.7,NA,NA,NA,NA,TRUE
cases,2020,year,SZ,canton,all,agegroup_food,all,0,162157,0,NA,3,NA,0,NA,NA,NA,NA,TRUE
cases,2020,year,TG,canton,all,agegroup_food,all,2,282909,0.71,NA,3,NA,3.4,NA,NA,NA,NA,TRUE
cases,2020,year,TI,canton,all,agegroup_food,all,5,350986,1.42,NA,6.7,NA,8.6,NA,NA,NA,NA,TRUE
cases,2020,year,UR,canton,all,agegroup_food,all,1,36819,2.72,NA,0.7,NA,1.7,NA,NA,NA,NA,TRUE
cases,2020,year,VD,canton,all,agegroup_food,all,4,814762,0.49,NA,24.7,NA,6.9,NA,NA,NA,NA,TRUE
cases,2020,year,VS,canton,all,agegroup_food,all,4,348503,1.15,NA,6.7,NA,6.9,NA,NA,NA,NA,TRUE
cases,2020,year,ZG,canton,all,agegroup_food,all,1,128794,0.78,NA,2.3,NA,1.7,NA,NA,NA,NA,TRUE
cases,2020,year,ZH,canton,all,agegroup_food,all,14,1553423,0.9,NA,40,NA,24.1,NA,NA,NA,NA,TRUE
cases,2021,year,AG,canton,all,agegroup_food,all,6,703086,0.85,NA,7.3,NA,6.1,NA,NA,NA,NA,TRUE
cases,2021,year,AI,canton,all,agegroup_food,all,1,16360,6.11,NA,0.3,NA,1,NA,NA,NA,NA,TRUE
cases,2021,year,AR,canton,all,agegroup_food,all,0,55585,0,NA,0,NA,0,NA,NA,NA,NA,TRUE
cases,2021,year,BE,canton,all,agegroup_food,all,6,1047473,0.57,NA,8.7,NA,6.1,NA,NA,NA,NA,TRUE
cases,2021,year,BL,canton,all,agegroup_food,all,1,292817,0.34,NA,2.7,NA,1,NA,NA,NA,NA,TRUE
cases,2021,year,BS,canton,all,agegroup_food,all,3,196036,1.53,NA,4.7,NA,3,NA,NA,NA,NA,TRUE
cases,2021,year,CH,country,all,agegroup_food,all,99,8738791,1.13,NA,123,NA,100,NA,NA,NA,NA,TRUE
cases,2021,year,CHFL,CHFL,all,agegroup_food,all,99,8778099,1.13,NA,123.7,falling,100,41,0.46,68.7,152.8,TRUE
cases,2021,year,FL,country,all,agegroup_food,all,0,39308,0,NA,0.7,NA,0,NA,NA,NA,NA,TRUE
cases,2021,year,FR,canton,all,agegroup_food,all,1,329809,0.3,NA,2,NA,1,NA,NA,NA,NA,TRUE
cases,2021,year,GE,canton,all,agegroup_food,all,19,509448,3.73,NA,18.3,NA,19.2,NA,NA,NA,NA,TRUE
cases,2021,year,GL,canton,all,agegroup_food,all,0,41190,0,NA,0.3,NA,0,NA,NA,NA,NA,TRUE
cases,2021,year,GR,canton,all,agegroup_food,all,0,201376,0,NA,0.7,NA,0,NA,NA,NA,NA,TRUE
cases,2021,year,JU,canton,all,agegroup_food,all,0,73798,0,NA,0.3,NA,0,NA,NA,NA,NA,TRUE
cases,2021,year,LU,canton,all,agegroup_food,all,1,420326,0.24,NA,4,NA,1,NA,NA,NA,NA,TRUE
cases,2021,year,NE,canton,all,agegroup_food,all,4,176166,2.27,NA,3.3,NA,4,NA,NA,NA,NA,TRUE
cases,2021,year,NW,canton,all,agegroup_food,all,1,43894,2.28,NA,0.7,NA,1,NA,NA,NA,NA,TRUE
cases,2021,year,OW,canton,all,agegroup_food,all,1,38435,2.6,NA,0.3,NA,1,NA,NA,NA,NA,TRUE
cases,2021,year,SG,canton,all,agegroup_food,all,2,519245,0.39,NA,3,NA,2,NA,NA,NA,NA,TRUE
cases,2021,year,SH,canton,all,agegroup_food,all,1,83995,1.19,NA,1,NA,1,NA,NA,NA,NA,TRUE
cases,2021,year,SO,canton,all,agegroup_food,all,2,280245,0.71,NA,2.7,NA,2,NA,NA,NA,NA,TRUE
cases,2021,year,SZ,canton,all,agegroup_food,all,2,163689,1.22,NA,2.3,NA,2,NA,NA,NA,NA,TRUE
cases,2021,year,TG,canton,all,agegroup_food,all,2,285964,0.7,NA,1.7,NA,2,NA,NA,NA,NA,TRUE
cases,2021,year,TI,canton,all,agegroup_food,all,2,352181,0.57,NA,5,NA,2,NA,NA,NA,NA,TRUE
cases,2021,year,UR,canton,all,agegroup_food,all,0,37047,0,NA,0.7,NA,0,NA,NA,NA,NA,TRUE
cases,2021,year,VD,canton,all,agegroup_food,all,20,822968,2.43,NA,17.3,NA,20.2,NA,NA,NA,NA,TRUE
cases,2021,year,VS,canton,all,agegroup_food,all,1,353209,0.28,NA,4,NA,1,NA,NA,NA,NA,TRUE
cases,2021,year,ZG,canton,all,agegroup_food,all,1,129787,0.77,NA,2,NA,1,NA,NA,NA,NA,TRUE
cases,2021,year,ZH,canton,all,agegroup_food,all,22,1564662,1.41,NA,29.7,NA,22.2,NA,NA,NA,NA,TRUE
cases,2022,year,AG,canton,all,agegroup_food,all,4,711232,0.56,NA,4.7,NA,2.1,NA,NA,NA,NA,TRUE
cases,2022,year,AI,canton,all,agegroup_food,all,0,16416,0,NA,0.3,NA,0,NA,NA,NA,NA,TRUE
cases,2022,year,AR,canton,all,agegroup_food,all,1,55759,1.79,NA,0.3,NA,0.5,NA,NA,NA,NA,TRUE
cases,2022,year,BE,canton,all,agegroup_food,all,8,1051437,0.76,NA,5,NA,4.2,NA,NA,NA,NA,TRUE
cases,2022,year,BL,canton,all,agegroup_food,all,6,294417,2.04,NA,3,NA,3.1,NA,NA,NA,NA,TRUE
cases,2022,year,BS,canton,all,agegroup_food,all,1,196786,0.51,NA,2.3,NA,0.5,NA,NA,NA,NA,TRUE
cases,2022,year,CH,country,all,agegroup_food,all,192,8815385,2.18,NA,116.3,NA,100,NA,NA,NA,NA,TRUE
cases,2022,year,CHFL,CHFL,all,agegroup_food,all,192,8855062,2.17,NA,116.3,rising,100,93,1.04,92,162.2,TRUE
cases,2022,year,FL,country,all,agegroup_food,all,0,39677,0,NA,0,NA,0,NA,NA,NA,NA,TRUE
cases,2022,year,FR,canton,all,agegroup_food,all,5,334465,1.49,NA,2.3,NA,2.6,NA,NA,NA,NA,TRUE
cases,2022,year,GE,canton,all,agegroup_food,all,24,514114,4.67,NA,16,NA,12.5,NA,NA,NA,NA,TRUE
cases,2022,year,GL,canton,all,agegroup_food,all,0,41471,0,NA,0.3,NA,0,NA,NA,NA,NA,TRUE
cases,2022,year,GR,canton,all,agegroup_food,all,6,202538,2.96,NA,2.3,NA,3.1,NA,NA,NA,NA,TRUE
cases,2022,year,JU,canton,all,agegroup_food,all,0,73865,0,NA,0,NA,0,NA,NA,NA,NA,TRUE
cases,2022,year,LU,canton,all,agegroup_food,all,11,424851,2.59,NA,5,NA,5.7,NA,NA,NA,NA,TRUE
cases,2022,year,NE,canton,all,agegroup_food,all,12,176571,6.8,NA,6.3,NA,6.2,NA,NA,NA,NA,TRUE
cases,2022,year,NW,canton,all,agegroup_food,all,1,44420,2.25,NA,1,NA,0.5,NA,NA,NA,NA,TRUE
cases,2022,year,OW,canton,all,agegroup_food,all,1,38700,2.58,NA,0.7,NA,0.5,NA,NA,NA,NA,TRUE
cases,2022,year,SG,canton,all,agegroup_food,all,6,525967,1.14,NA,3,NA,3.1,NA,NA,NA,NA,TRUE
cases,2022,year,SH,canton,all,agegroup_food,all,1,85214,1.17,NA,0.7,NA,0.5,NA,NA,NA,NA,TRUE
cases,2022,year,SO,canton,all,agegroup_food,all,5,282408,1.77,NA,2.7,NA,2.6,NA,NA,NA,NA,TRUE
cases,2022,year,SZ,canton,all,agegroup_food,all,5,164920,3.03,NA,2.3,NA,2.6,NA,NA,NA,NA,TRUE
cases,2022,year,TG,canton,all,agegroup_food,all,4,289650,1.38,NA,2.7,NA,2.1,NA,NA,NA,NA,TRUE
cases,2022,year,TI,canton,all,agegroup_food,all,7,354023,1.98,NA,4.7,NA,3.6,NA,NA,NA,NA,TRUE
cases,2022,year,UR,canton,all,agegroup_food,all,1,37317,2.68,NA,0.7,NA,0.5,NA,NA,NA,NA,TRUE
cases,2022,year,VD,canton,all,agegroup_food,all,41,830431,4.94,NA,21.7,NA,21.4,NA,NA,NA,NA,TRUE
cases,2022,year,VS,canton,all,agegroup_food,all,6,357282,1.68,NA,3.7,NA,3.1,NA,NA,NA,NA,TRUE
cases,2022,year,ZG,canton,all,agegroup_food,all,4,131164,3.05,NA,2,NA,2.1,NA,NA,NA,NA,TRUE
cases,2022,year,ZH,canton,all,agegroup_food,all,32,1579967,2.03,NA,22.7,NA,16.7,NA,NA,NA,NA,TRUE
cases,2023,year,AG,canton,all,agegroup_food,all,10,726894,1.38,NA,6.7,NA,5.3,NA,NA,NA,NA,TRUE
cases,2023,year,AI,canton,all,agegroup_food,all,0,16585,0,NA,0.3,NA,0,NA,NA,NA,NA,TRUE
cases,2023,year,AR,canton,all,agegroup_food,all,1,56495,1.77,NA,0.7,NA,0.5,NA,NA,NA,NA,TRUE
cases,2023,year,BE,canton,all,agegroup_food,all,18,1063533,1.69,NA,10.7,NA,9.5,NA,NA,NA,NA,TRUE
cases,2023,year,BL,canton,all,agegroup_food,all,2,298837,0.67,NA,3,NA,1.1,NA,NA,NA,NA,TRUE
cases,2023,year,BS,canton,all,agegroup_food,all,7,200031,3.5,NA,3.7,NA,3.7,NA,NA,NA,NA,TRUE
cases,2023,year,CH,country,all,agegroup_food,all,189,8962258,2.11,NA,160,NA,100,NA,NA,NA,NA,TRUE
cases,2023,year,CHFL,CHFL,all,agegroup_food,all,189,9002273,2.1,NA,160,rising,100,-3,-0.07,-3.2,150.4,TRUE
cases,2023,year,FL,country,all,agegroup_food,all,0,40015,0,NA,0,NA,0,NA,NA,NA,NA,TRUE
cases,2023,year,FR,canton,all,agegroup_food,all,7,341537,2.05,NA,4.3,NA,3.7,NA,NA,NA,NA,TRUE
cases,2023,year,GE,canton,all,agegroup_food,all,28,524410,5.34,NA,23.7,NA,14.8,NA,NA,NA,NA,TRUE
cases,2023,year,GL,canton,all,agegroup_food,all,0,42056,0,NA,0,NA,0,NA,NA,NA,NA,TRUE
cases,2023,year,GR,canton,all,agegroup_food,all,2,204888,0.98,NA,2.7,NA,1.1,NA,NA,NA,NA,TRUE
cases,2023,year,JU,canton,all,agegroup_food,all,3,74548,4.02,NA,1,NA,1.6,NA,NA,NA,NA,TRUE
cases,2023,year,LU,canton,all,agegroup_food,all,7,432744,1.62,NA,6.3,NA,3.7,NA,NA,NA,NA,TRUE
cases,2023,year,NE,canton,all,agegroup_food,all,3,178291,1.68,NA,6.3,NA,1.6,NA,NA,NA,NA,TRUE
cases,2023,year,NW,canton,all,agegroup_food,all,1,45016,2.22,NA,1,NA,0.5,NA,NA,NA,NA,TRUE
cases,2023,year,OW,canton,all,agegroup_food,all,0,39272,0,NA,0.7,NA,0,NA,NA,NA,NA,TRUE
cases,2023,year,SG,canton,all,agegroup_food,all,6,535114,1.12,NA,4.7,NA,3.2,NA,NA,NA,NA,TRUE
cases,2023,year,SH,canton,all,agegroup_food,all,0,87111,0,NA,0.7,NA,0,NA,NA,NA,NA,TRUE
cases,2023,year,SO,canton,all,agegroup_food,all,1,286844,0.35,NA,2.7,NA,0.5,NA,NA,NA,NA,TRUE
cases,2023,year,SZ,canton,all,agegroup_food,all,1,167403,0.6,NA,2.7,NA,0.5,NA,NA,NA,NA,TRUE
cases,2023,year,TG,canton,all,agegroup_food,all,7,295220,2.37,NA,4.3,NA,3.7,NA,NA,NA,NA,TRUE
cases,2023,year,TI,canton,all,agegroup_food,all,10,357720,2.8,NA,6.3,NA,5.3,NA,NA,NA,NA,TRUE
cases,2023,year,UR,canton,all,agegroup_food,all,0,37931,0,NA,0.3,NA,0,NA,NA,NA,NA,TRUE
cases,2023,year,VD,canton,all,agegroup_food,all,35,845870,4.14,NA,32,NA,18.5,NA,NA,NA,NA,TRUE
cases,2023,year,VS,canton,all,agegroup_food,all,9,365844,2.46,NA,5.3,NA,4.8,NA,NA,NA,NA,TRUE
cases,2023,year,ZG,canton,all,agegroup_food,all,6,132556,4.53,NA,3.7,NA,3.2,NA,NA,NA,NA,TRUE
cases,2023,year,ZH,canton,all,agegroup_food,all,25,1605508,1.56,NA,26.3,NA,13.2,NA,NA,NA,NA,TRUE
cases,2024,year,AG,canton,all,agegroup_food,all,1,735808,0.14,NA,5,NA,0.5,NA,NA,NA,NA,TRUE
cases,2024,year,AI,canton,all,agegroup_food,all,0,16733,0,NA,0,NA,0,NA,NA,NA,NA,TRUE
cases,2024,year,AR,canton,all,agegroup_food,all,0,56705,0,NA,0.7,NA,0,NA,NA,NA,NA,TRUE
cases,2024,year,BE,canton,all,agegroup_food,all,22,1071216,2.05,NA,16,NA,11.1,NA,NA,NA,NA,TRUE
cases,2024,year,BL,canton,all,agegroup_food,all,3,301323,1,NA,3.7,NA,1.5,NA,NA,NA,NA,TRUE
cases,2024,year,BS,canton,all,agegroup_food,all,7,201384,3.48,NA,5,NA,3.5,NA,NA,NA,NA,TRUE
cases,2024,year,CH,country,all,agegroup_food,all,199,9051029,2.2,NA,193.3,NA,98.5,NA,NA,NA,NA,TRUE
cases,2024,year,CHFL,CHFL,all,agegroup_food,all,202,9091915,2.22,NA,194.3,stagnant,100,13,0.12,5.7,148,TRUE
cases,2024,year,FL,country,all,agegroup_food,all,3,40886,7.34,NA,1,NA,1.5,NA,NA,NA,NA,TRUE
cases,2024,year,FR,canton,all,agegroup_food,all,9,346674,2.6,NA,7,NA,4.5,NA,NA,NA,NA,TRUE
cases,2024,year,GE,canton,all,agegroup_food,all,22,531102,4.14,NA,24.7,NA,11.1,NA,NA,NA,NA,TRUE
cases,2024,year,GL,canton,all,agegroup_food,all,1,42371,2.36,NA,0.3,NA,0.5,NA,NA,NA,NA,TRUE
cases,2024,year,GR,canton,all,agegroup_food,all,2,206138,0.97,NA,3.3,NA,1,NA,NA,NA,NA,TRUE
cases,2024,year,JU,canton,all,agegroup_food,all,0,74840,0,NA,1,NA,0,NA,NA,NA,NA,TRUE
cases,2024,year,LU,canton,all,agegroup_food,all,10,437944,2.28,NA,9.3,NA,5,NA,NA,NA,NA,TRUE
cases,2024,year,NE,canton,all,agegroup_food,all,10,179518,5.57,NA,8.3,NA,5,NA,NA,NA,NA,TRUE
cases,2024,year,NW,canton,all,agegroup_food,all,0,45345,0,NA,0.7,NA,0,NA,NA,NA,NA,TRUE
cases,2024,year,OW,canton,all,agegroup_food,all,0,39662,0,NA,0.3,NA,0,NA,NA,NA,NA,TRUE
cases,2024,year,SG,canton,all,agegroup_food,all,4,540036,0.74,NA,5.3,NA,2,NA,NA,NA,NA,TRUE
cases,2024,year,SH,canton,all,agegroup_food,all,0,88667,0,NA,0.3,NA,0,NA,NA,NA,NA,TRUE
cases,2024,year,SO,canton,all,agegroup_food,all,5,289792,1.73,NA,3.7,NA,2.5,NA,NA,NA,NA,TRUE
cases,2024,year,SZ,canton,all,agegroup_food,all,3,168931,1.78,NA,3,NA,1.5,NA,NA,NA,NA,TRUE
cases,2024,year,TG,canton,all,agegroup_food,all,1,299509,0.33,NA,4,NA,0.5,NA,NA,NA,NA,TRUE
cases,2024,year,TI,canton,all,agegroup_food,all,12,358903,3.34,NA,9.7,NA,6,NA,NA,NA,NA,TRUE
cases,2024,year,UR,canton,all,agegroup_food,all,1,38275,2.61,NA,0.7,NA,0.5,NA,NA,NA,NA,TRUE
cases,2024,year,VD,canton,all,agegroup_food,all,30,855106,3.51,NA,35.3,NA,15.1,NA,NA,NA,NA,TRUE
cases,2024,year,VS,canton,all,agegroup_food,all,3,371288,0.81,NA,6,NA,1.5,NA,NA,NA,NA,TRUE
cases,2024,year,ZG,canton,all,agegroup_food,all,4,133739,2.99,NA,4.7,NA,2,NA,NA,NA,NA,TRUE
cases,2024,year,ZH,canton,all,agegroup_food,all,49,1620020,3.02,NA,35.3,NA,24.6,NA,NA,NA,NA,TRUE
cases,2025,year,AG,canton,all,agegroup_food,all,14,735808,1.9,NA,8.3,NA,6,NA,NA,NA,NA,TRUE
cases,2025,year,AI,canton,all,agegroup_food,all,1,16733,5.98,NA,0.3,NA,0.4,NA,NA,NA,NA,TRUE
cases,2025,year,AR,canton,all,agegroup_food,all,1,56705,1.76,NA,0.7,NA,0.4,NA,NA,NA,NA,TRUE
cases,2025,year,BE,canton,all,agegroup_food,all,20,1071216,1.87,NA,20,NA,8.6,NA,NA,NA,NA,TRUE
cases,2025,year,BL,canton,all,agegroup_food,all,3,301323,1,NA,2.7,NA,1.3,NA,NA,NA,NA,TRUE
cases,2025,year,BS,canton,all,agegroup_food,all,5,201384,2.48,NA,6.3,NA,2.2,NA,NA,NA,NA,TRUE
cases,2025,year,CH,country,all,agegroup_food,all,232,9051029,2.56,NA,206.7,NA,100,NA,NA,NA,NA,TRUE
cases,2025,year,CHFL,CHFL,all,agegroup_food,all,232,9091915,2.55,NA,207.7,rising,100,30,0.33,14.9,182.8,TRUE
cases,2025,year,FL,country,all,agegroup_food,all,0,40886,0,NA,1,NA,0,NA,NA,NA,NA,TRUE
cases,2025,year,FR,canton,all,agegroup_food,all,16,346674,4.62,NA,10.7,NA,6.9,NA,NA,NA,NA,TRUE
cases,2025,year,GE,canton,all,agegroup_food,all,39,531102,7.34,NA,29.7,NA,16.8,NA,NA,NA,NA,TRUE
cases,2025,year,GL,canton,all,agegroup_food,all,0,42371,0,NA,0.3,NA,0,NA,NA,NA,NA,TRUE
cases,2025,year,GR,canton,all,agegroup_food,all,4,206138,1.94,NA,2.7,NA,1.7,NA,NA,NA,NA,TRUE
cases,2025,year,JU,canton,all,agegroup_food,all,0,74840,0,NA,1,NA,0,NA,NA,NA,NA,TRUE
cases,2025,year,LU,canton,all,agegroup_food,all,11,437944,2.51,NA,9.3,NA,4.7,NA,NA,NA,NA,TRUE
cases,2025,year,NE,canton,all,agegroup_food,all,9,179518,5.01,NA,7.3,NA,3.9,NA,NA,NA,NA,TRUE
cases,2025,year,NW,canton,all,agegroup_food,all,0,45345,0,NA,0.3,NA,0,NA,NA,NA,NA,TRUE
cases,2025,year,OW,canton,all,agegroup_food,all,2,39662,5.04,NA,0.7,NA,0.9,NA,NA,NA,NA,TRUE
cases,2025,year,SG,canton,all,agegroup_food,all,0,540036,0,NA,3.3,NA,0,NA,NA,NA,NA,TRUE
cases,2025,year,SH,canton,all,agegroup_food,all,0,88667,0,NA,0,NA,0,NA,NA,NA,NA,TRUE
cases,2025,year,SO,canton,all,agegroup_food,all,3,289792,1.04,NA,3,NA,1.3,NA,NA,NA,NA,TRUE
cases,2025,year,SZ,canton,all,agegroup_food,all,6,168931,3.55,NA,3.3,NA,2.6,NA,NA,NA,NA,TRUE
cases,2025,year,TG,canton,all,agegroup_food,all,2,299509,0.67,NA,3.3,NA,0.9,NA,NA,NA,NA,TRUE
cases,2025,year,TI,canton,all,agegroup_food,all,8,358903,2.23,NA,10,NA,3.4,NA,NA,NA,NA,TRUE
cases,2025,year,UR,canton,all,agegroup_food,all,0,38275,0,NA,0.3,NA,0,NA,NA,NA,NA,TRUE
cases,2025,year,VD,canton,all,agegroup_food,all,37,855106,4.33,NA,34,NA,15.9,NA,NA,NA,NA,TRUE
cases,2025,year,VS,canton,all,agegroup_food,all,10,371288,2.69,NA,7.3,NA,4.3,NA,NA,NA,NA,TRUE
cases,2025,year,ZG,canton,all,agegroup_food,all,4,133739,2.99,NA,4.7,NA,1.7,NA,NA,NA,NA,TRUE
cases,2025,year,ZH,canton,all,agegroup_food,all,37,1620020,2.28,NA,37,NA,15.9,NA,NA,NA,NA,TRUE
cases_10y_mean,2022,year,CHFL,CHFL,0 - 16,agegroup_food,all,NA,NA,1.23,NA,NA,NA,NA,NA,NA,NA,NA,TRUE
cases_10y_mean,2022,year,CHFL,CHFL,17 - 24,agegroup_food,all,NA,NA,2.16,NA,NA,NA,NA,NA,NA,NA,NA,TRUE
cases_10y_mean,2022,year,CHFL,CHFL,25 - 44,agegroup_food,all,NA,NA,2.82,NA,NA,NA,NA,NA,NA,NA,NA,TRUE
cases_10y_mean,2022,year,CHFL,CHFL,45 - 64,agegroup_food,all,NA,NA,1.96,NA,NA,NA,NA,NA,NA,NA,NA,TRUE
cases_10y_mean,2022,year,CHFL,CHFL,65+,agegroup_food,all,NA,NA,0.81,NA,NA,NA,NA,NA,NA,NA,NA,TRUE
cases_10y_mean,2022,year,CHFL,CHFL,unknown,agegroup_food,all,NA,NA,NA,NA,NA,NA,NA,NA,NA,NA,NA,TRUE
cases_10y_mean,2023,year,CHFL,CHFL,0 - 16,agegroup_food,all,NA,NA,1.18,NA,NA,NA,NA,NA,NA,NA,NA,TRUE
cases_10y_mean,2023,year,CHFL,CHFL,17 - 24,agegroup_food,all,NA,NA,2.09,NA,NA,NA,NA,NA,NA,NA,NA,TRUE
cases_10y_mean,2023,year,CHFL,CHFL,25 - 44,agegroup_food,all,NA,NA,2.94,NA,NA,NA,NA,NA,NA,NA,NA,TRUE
cases_10y_mean,2023,year,CHFL,CHFL,45 - 64,agegroup_food,all,NA,NA,1.99,NA,NA,NA,NA,NA,NA,NA,NA,TRUE
cases_10y_mean,2023,year,CHFL,CHFL,65+,agegroup_food,all,NA,NA,0.81,NA,NA,NA,NA,NA,NA,NA,NA,TRUE
cases_10y_mean,2023,year,CHFL,CHFL,unknown,agegroup_food,all,NA,NA,NA,NA,NA,NA,NA,NA,NA,NA,NA,TRUE
cases_10y_mean,2024,year,CHFL,CHFL,0 - 16,agegroup_food,all,NA,NA,1.14,NA,NA,NA,NA,NA,NA,NA,NA,TRUE
cases_10y_mean,2024,year,CHFL,CHFL,17 - 24,agegroup_food,all,NA,NA,2.03,NA,NA,NA,NA,NA,NA,NA,NA,TRUE
cases_10y_mean,2024,year,CHFL,CHFL,25 - 44,agegroup_food,all,NA,NA,3.11,NA,NA,NA,NA,NA,NA,NA,NA,TRUE
cases_10y_mean,2024,year,CHFL,CHFL,45 - 64,agegroup_food,all,NA,NA,2.01,NA,NA,NA,NA,NA,NA,NA,NA,TRUE
cases_10y_mean,2024,year,CHFL,CHFL,65+,agegroup_food,all,NA,NA,0.86,NA,NA,NA,NA,NA,NA,NA,NA,TRUE
cases_10y_mean,2024,year,CHFL,CHFL,unknown,agegroup_food,all,NA,NA,NA,NA,NA,NA,NA,NA,NA,NA,NA,TRUE
cases_10y_mean,2025,year,CHFL,CHFL,0 - 16,agegroup_food,all,NA,NA,1.16,NA,NA,NA,NA,NA,NA,NA,NA,TRUE
cases_10y_mean,2025,year,CHFL,CHFL,17 - 24,agegroup_food,all,NA,NA,2.1,NA,NA,NA,NA,NA,NA,NA,NA,TRUE
cases_10y_mean,2025,year,CHFL,CHFL,25 - 44,agegroup_food,all,NA,NA,3.25,NA,NA,NA,NA,NA,NA,NA,NA,TRUE
cases_10y_mean,2025,year,CHFL,CHFL,45 - 64,agegroup_food,all,NA,NA,1.98,NA,NA,NA,NA,NA,NA,NA,NA,TRUE
cases_10y_mean,2025,year,CHFL,CHFL,65+,agegroup_food,all,NA,NA,0.86,NA,NA,NA,NA,NA,NA,NA,NA,TRUE
cases_10y_mean,2025,year,CHFL,CHFL,unknown,agegroup_food,all,NA,NA,NA,NA,NA,NA,NA,NA,NA,NA,NA,TRUE
cases_10y_cumsum,2022,year,CHFL,CHFL,all,agegroup_food,female,704,NA,NA,NA,NA,NA,43.9,NA,NA,NA,NA,TRUE
cases_10y_cumsum,2022,year,CHFL,CHFL,all,agegroup_food,male,897,NA,NA,NA,NA,NA,55.9,NA,NA,NA,NA,TRUE
cases_10y_cumsum,2022,year,CHFL,CHFL,all,agegroup_food,unknown,3,NA,NA,NA,NA,NA,0.2,NA,NA,NA,NA,TRUE
cases_10y_cumsum,2023,year,CHFL,CHFL,all,agegroup_food,female,695,NA,NA,NA,NA,NA,42.2,NA,NA,NA,NA,TRUE
cases_10y_cumsum,2023,year,CHFL,CHFL,all,agegroup_food,male,947,NA,NA,NA,NA,NA,57.5,NA,NA,NA,NA,TRUE
cases_10y_cumsum,2023,year,CHFL,CHFL,all,agegroup_food,unknown,4,NA,NA,NA,NA,NA,0.2,NA,NA,NA,NA,TRUE
cases_10y_cumsum,2024,year,CHFL,CHFL,all,agegroup_food,female,723,NA,NA,NA,NA,NA,42.4,NA,NA,NA,NA,TRUE
cases_10y_cumsum,2024,year,CHFL,CHFL,all,agegroup_food,male,979,NA,NA,NA,NA,NA,57.5,NA,NA,NA,NA,TRUE
cases_10y_cumsum,2024,year,CHFL,CHFL,all,agegroup_food,unknown,2,NA,NA,NA,NA,NA,0.1,NA,NA,NA,NA,TRUE
cases_10y_cumsum,2025,year,CHFL,CHFL,all,agegroup_food,female,748,NA,NA,NA,NA,NA,42.6,NA,NA,NA,NA,TRUE
cases_10y_cumsum,2025,year,CHFL,CHFL,all,agegroup_food,male,1007,NA,NA,NA,NA,NA,57.3,NA,NA,NA,NA,TRUE
cases_10y_cumsum,2025,year,CHFL,CHFL,all,agegroup_food,unknown,2,NA,NA,NA,NA,NA,0.1,NA,NA,NA,NA,TRUE
